assetId,stage,baseAssetId,allowedChange,mustPreserve,qa
photo.wallpaper.dinner_4faces.master,R0,photo.wallpaper.dinner_4faces.master,仅按Media Bible定义局部编辑,构图、焦距、光源、压缩、主体身份与sourceRoot,overlay_diff + identity_check + narrative_check
photo.wallpaper.dinner_4faces.master,R1,photo.wallpaper.dinner_4faces.master,仅按Media Bible定义局部编辑,构图、焦距、光源、压缩、主体身份与sourceRoot,overlay_diff + identity_check + narrative_check
photo.wallpaper.dinner_4faces.master,R2,photo.wallpaper.dinner_4faces.master,仅按Media Bible定义局部编辑,构图、焦距、光源、压缩、主体身份与sourceRoot,overlay_diff + identity_check + narrative_check
photo.wallpaper.dinner_4faces.master,R5,photo.wallpaper.dinner_4faces.master,仅按Media Bible定义局部编辑,构图、焦距、光源、压缩、主体身份与sourceRoot,overlay_diff + identity_check + narrative_check
photo.coffee.230917.master,R0,photo.coffee.230917.master,仅按Media Bible定义局部编辑,构图、焦距、光源、压缩、主体身份与sourceRoot,overlay_diff + identity_check + narrative_check
photo.coffee.230917.master,R3,photo.coffee.230917.master,仅按Media Bible定义局部编辑,构图、焦距、光源、压缩、主体身份与sourceRoot,overlay_diff + identity_check + narrative_check
photo.coffee.230917.master,R5,photo.coffee.230917.master,仅按Media Bible定义局部编辑,构图、焦距、光源、压缩、主体身份与sourceRoot,overlay_diff + identity_check + narrative_check
photo.blue_mug.window.master,R0,photo.blue_mug.window.master,仅按Media Bible定义局部编辑,构图、焦距、光源、压缩、主体身份与sourceRoot,overlay_diff + identity_check + narrative_check
photo.blue_mug.window.master,R2,photo.blue_mug.window.master,仅按Media Bible定义局部编辑,构图、焦距、光源、压缩、主体身份与sourceRoot,overlay_diff + identity_check + narrative_check
photo.blue_mug.window.master,R3,photo.blue_mug.window.master,仅按Media Bible定义局部编辑,构图、焦距、光源、压缩、主体身份与sourceRoot,overlay_diff + identity_check + narrative_check
photo.cat.office_06,R0,photo.cat.office_06,仅按Media Bible定义局部编辑,构图、焦距、光源、压缩、主体身份与sourceRoot,overlay_diff + identity_check + narrative_check
photo.old_campus.04,R0,photo.old_campus.04,仅按Media Bible定义局部编辑,构图、焦距、光源、压缩、主体身份与sourceRoot,overlay_diff + identity_check + narrative_check
photo.old_campus.04,R2,photo.old_campus.04,仅按Media Bible定义局部编辑,构图、焦距、光源、压缩、主体身份与sourceRoot,overlay_diff + identity_check + narrative_check
photo.old_campus.04,R3,photo.old_campus.04,仅按Media Bible定义局部编辑,构图、焦距、光源、压缩、主体身份与sourceRoot,overlay_diff + identity_check + narrative_check
image.oldrain.guard,R0,image.oldrain.guard,仅按Media Bible定义局部编辑,构图、焦距、光源、压缩、主体身份与sourceRoot,overlay_diff + identity_check + narrative_check
video.oldrain.corridor.master,R0,video.oldrain.corridor.master,仅按Media Bible定义局部编辑,构图、焦距、光源、压缩、主体身份与sourceRoot,overlay_diff + identity_check + narrative_check
video.oldrain.corridor.master,R2,video.oldrain.corridor.master,仅按Media Bible定义局部编辑,构图、焦距、光源、压缩、主体身份与sourceRoot,overlay_diff + identity_check + narrative_check
video.oldrain.corridor.master,R3,video.oldrain.corridor.master,仅按Media Bible定义局部编辑,构图、焦距、光源、压缩、主体身份与sourceRoot,overlay_diff + identity_check + narrative_check
image.oldrain.frame417,R0,video.oldrain.corridor.master,仅按Media Bible定义局部编辑,构图、焦距、光源、压缩、主体身份与sourceRoot,overlay_diff + identity_check + narrative_check
image.oldrain.frame417,R2,video.oldrain.corridor.master,仅按Media Bible定义局部编辑,构图、焦距、光源、压缩、主体身份与sourceRoot,overlay_diff + identity_check + narrative_check
image.oldrain.frame417,R3,video.oldrain.corridor.master,仅按Media Bible定义局部编辑,构图、焦距、光源、压缩、主体身份与sourceRoot,overlay_diff + identity_check + narrative_check
audio.oldrain.carrier_morse,R0,audio.oldrain.carrier_morse,仅按Media Bible定义局部编辑,构图、焦距、光源、压缩、主体身份与sourceRoot,overlay_diff + identity_check + narrative_check
avatar.shenchuan.r0,R0,avatar.shenchuan.r0,仅按Media Bible定义局部编辑,构图、焦距、光源、压缩、主体身份与sourceRoot,overlay_diff + identity_check + narrative_check
avatar.shenchuan.r0,R2,avatar.shenchuan.r0,仅按Media Bible定义局部编辑,构图、焦距、光源、压缩、主体身份与sourceRoot,overlay_diff + identity_check + narrative_check
avatar.shenchuan.r0,R4,avatar.shenchuan.r0,仅按Media Bible定义局部编辑,构图、焦距、光源、压缩、主体身份与sourceRoot,overlay_diff + identity_check + narrative_check
avatar.shenchuan.r0,R5,avatar.shenchuan.r0,仅按Media Bible定义局部编辑,构图、焦距、光源、压缩、主体身份与sourceRoot,overlay_diff + identity_check + narrative_check
avatar.chenyu.r0,R0,avatar.chenyu.r0,仅按Media Bible定义局部编辑,构图、焦距、光源、压缩、主体身份与sourceRoot,overlay_diff + identity_check + narrative_check
avatar.chenyu.r0,R3,avatar.chenyu.r0,仅按Media Bible定义局部编辑,构图、焦距、光源、压缩、主体身份与sourceRoot,overlay_diff + identity_check + narrative_check
avatar.chenyu.r0,R5,avatar.chenyu.r0,仅按Media Bible定义局部编辑,构图、焦距、光源、压缩、主体身份与sourceRoot,overlay_diff + identity_check + narrative_check
avatar.zhoulan.r0,R0,avatar.zhoulan.r0,仅按Media Bible定义局部编辑,构图、焦距、光源、压缩、主体身份与sourceRoot,overlay_diff + identity_check + narrative_check
avatar.zhoulan.r0,R3,avatar.zhoulan.r0,仅按Media Bible定义局部编辑,构图、焦距、光源、压缩、主体身份与sourceRoot,overlay_diff + identity_check + narrative_check
avatar.zhoulan.r0,R5,avatar.zhoulan.r0,仅按Media Bible定义局部编辑,构图、焦距、光源、压缩、主体身份与sourceRoot,overlay_diff + identity_check + narrative_check
avatar.pb0425.r0,R0,avatar.pb0425.r0,仅按Media Bible定义局部编辑,构图、焦距、光源、压缩、主体身份与sourceRoot,overlay_diff + identity_check + narrative_check
avatar.pb0425.r0,R2,avatar.pb0425.r0,仅按Media Bible定义局部编辑,构图、焦距、光源、压缩、主体身份与sourceRoot,overlay_diff + identity_check + narrative_check
avatar.pb0425.r0,R4,avatar.pb0425.r0,仅按Media Bible定义局部编辑,构图、焦距、光源、压缩、主体身份与sourceRoot,overlay_diff + identity_check + narrative_check
avatar.pb0425.r0,R5,avatar.pb0425.r0,仅按Media Bible定义局部编辑,构图、焦距、光源、压缩、主体身份与sourceRoot,overlay_diff + identity_check + narrative_check
photo.a3.site_01.master,R0,photo.a3.site_01.master,仅按Media Bible定义局部编辑,构图、焦距、光源、压缩、主体身份与sourceRoot,overlay_diff + identity_check + narrative_check
photo.a3.site_01.master,R5,photo.a3.site_01.master,仅按Media Bible定义局部编辑,构图、焦距、光源、压缩、主体身份与sourceRoot,overlay_diff + identity_check + narrative_check
photo.a3.site_02.master,R0,photo.a3.site_02.master,仅按Media Bible定义局部编辑,构图、焦距、光源、压缩、主体身份与sourceRoot,overlay_diff + identity_check + narrative_check
photo.a3.site_02.master,R5,photo.a3.site_02.master,仅按Media Bible定义局部编辑,构图、焦距、光源、压缩、主体身份与sourceRoot,overlay_diff + identity_check + narrative_check
photo.a3.site_03.master,R0,photo.a3.site_03.master,仅按Media Bible定义局部编辑,构图、焦距、光源、压缩、主体身份与sourceRoot,overlay_diff + identity_check + narrative_check
photo.a3.site_03.master,R2,photo.a3.site_03.master,仅按Media Bible定义局部编辑,构图、焦距、光源、压缩、主体身份与sourceRoot,overlay_diff + identity_check + narrative_check
photo.a3.site_03.master,R3,photo.a3.site_03.master,仅按Media Bible定义局部编辑,构图、焦距、光源、压缩、主体身份与sourceRoot,overlay_diff + identity_check + narrative_check
photo.a3.site_03.master,R5,photo.a3.site_03.master,仅按Media Bible定义局部编辑,构图、焦距、光源、压缩、主体身份与sourceRoot,overlay_diff + identity_check + narrative_check
photo.a3.site_04.master,R0,photo.a3.site_04.master,仅按Media Bible定义局部编辑,构图、焦距、光源、压缩、主体身份与sourceRoot,overlay_diff + identity_check + narrative_check
photo.a3.site_04.master,R2,photo.a3.site_04.master,仅按Media Bible定义局部编辑,构图、焦距、光源、压缩、主体身份与sourceRoot,overlay_diff + identity_check + narrative_check
photo.a3.site_04.master,R3,photo.a3.site_04.master,仅按Media Bible定义局部编辑,构图、焦距、光源、压缩、主体身份与sourceRoot,overlay_diff + identity_check + narrative_check
photo.a3.site_04.master,R5,photo.a3.site_04.master,仅按Media Bible定义局部编辑,构图、焦距、光源、压缩、主体身份与sourceRoot,overlay_diff + identity_check + narrative_check
photo.a3.site_05.master,R0,photo.a3.site_05.master,仅按Media Bible定义局部编辑,构图、焦距、光源、压缩、主体身份与sourceRoot,overlay_diff + identity_check + narrative_check
photo.a3.site_05.master,R2,photo.a3.site_05.master,仅按Media Bible定义局部编辑,构图、焦距、光源、压缩、主体身份与sourceRoot,overlay_diff + identity_check + narrative_check
photo.a3.site_05.master,R3,photo.a3.site_05.master,仅按Media Bible定义局部编辑,构图、焦距、光源、压缩、主体身份与sourceRoot,overlay_diff + identity_check + narrative_check
photo.a3.site_05.master,R5,photo.a3.site_05.master,仅按Media Bible定义局部编辑,构图、焦距、光源、压缩、主体身份与sourceRoot,overlay_diff + identity_check + narrative_check
photo.a3.site_06.master,R0,photo.a3.site_06.master,仅按Media Bible定义局部编辑,构图、焦距、光源、压缩、主体身份与sourceRoot,overlay_diff + identity_check + narrative_check
photo.a3.site_06.master,R5,photo.a3.site_06.master,仅按Media Bible定义局部编辑,构图、焦距、光源、压缩、主体身份与sourceRoot,overlay_diff + identity_check + narrative_check
photo.a3.site_07.master,R0,photo.a3.site_07.master,仅按Media Bible定义局部编辑,构图、焦距、光源、压缩、主体身份与sourceRoot,overlay_diff + identity_check + narrative_check
photo.a3.site_07.master,R2,photo.a3.site_07.master,仅按Media Bible定义局部编辑,构图、焦距、光源、压缩、主体身份与sourceRoot,overlay_diff + identity_check + narrative_check
photo.a3.site_07.master,R3,photo.a3.site_07.master,仅按Media Bible定义局部编辑,构图、焦距、光源、压缩、主体身份与sourceRoot,overlay_diff + identity_check + narrative_check
photo.a3.site_07.master,R5,photo.a3.site_07.master,仅按Media Bible定义局部编辑,构图、焦距、光源、压缩、主体身份与sourceRoot,overlay_diff + identity_check + narrative_check
photo.a3.site_08.master,R0,photo.a3.site_08.master,仅按Media Bible定义局部编辑,构图、焦距、光源、压缩、主体身份与sourceRoot,overlay_diff + identity_check + narrative_check
photo.a3.site_08.master,R5,photo.a3.site_08.master,仅按Media Bible定义局部编辑,构图、焦距、光源、压缩、主体身份与sourceRoot,overlay_diff + identity_check + narrative_check
photo.a3.site_09.master,R0,photo.a3.site_09.master,仅按Media Bible定义局部编辑,构图、焦距、光源、压缩、主体身份与sourceRoot,overlay_diff + identity_check + narrative_check
photo.a3.site_09.master,R5,photo.a3.site_09.master,仅按Media Bible定义局部编辑,构图、焦距、光源、压缩、主体身份与sourceRoot,overlay_diff + identity_check + narrative_check
photo.a3.site_10.master,R0,photo.a3.site_10.master,仅按Media Bible定义局部编辑,构图、焦距、光源、压缩、主体身份与sourceRoot,overlay_diff + identity_check + narrative_check
photo.a3.site_10.master,R2,photo.a3.site_10.master,仅按Media Bible定义局部编辑,构图、焦距、光源、压缩、主体身份与sourceRoot,overlay_diff + identity_check + narrative_check
photo.a3.site_10.master,R3,photo.a3.site_10.master,仅按Media Bible定义局部编辑,构图、焦距、光源、压缩、主体身份与sourceRoot,overlay_diff + identity_check + narrative_check
photo.a3.site_10.master,R5,photo.a3.site_10.master,仅按Media Bible定义局部编辑,构图、焦距、光源、压缩、主体身份与sourceRoot,overlay_diff + identity_check + narrative_check
photo.a3.site_11.master,R0,photo.a3.site_11.master,仅按Media Bible定义局部编辑,构图、焦距、光源、压缩、主体身份与sourceRoot,overlay_diff + identity_check + narrative_check
photo.a3.site_11.master,R2,photo.a3.site_11.master,仅按Media Bible定义局部编辑,构图、焦距、光源、压缩、主体身份与sourceRoot,overlay_diff + identity_check + narrative_check
photo.a3.site_11.master,R3,photo.a3.site_11.master,仅按Media Bible定义局部编辑,构图、焦距、光源、压缩、主体身份与sourceRoot,overlay_diff + identity_check + narrative_check
photo.a3.site_11.master,R5,photo.a3.site_11.master,仅按Media Bible定义局部编辑,构图、焦距、光源、压缩、主体身份与sourceRoot,overlay_diff + identity_check + narrative_check
photo.a3.site_12.master,R0,photo.a3.site_12.master,仅按Media Bible定义局部编辑,构图、焦距、光源、压缩、主体身份与sourceRoot,overlay_diff + identity_check + narrative_check
photo.a3.site_12.master,R2,photo.a3.site_12.master,仅按Media Bible定义局部编辑,构图、焦距、光源、压缩、主体身份与sourceRoot,overlay_diff + identity_check + narrative_check
photo.a3.site_12.master,R3,photo.a3.site_12.master,仅按Media Bible定义局部编辑,构图、焦距、光源、压缩、主体身份与sourceRoot,overlay_diff + identity_check + narrative_check
photo.a3.site_12.master,R5,photo.a3.site_12.master,仅按Media Bible定义局部编辑,构图、焦距、光源、压缩、主体身份与sourceRoot,overlay_diff + identity_check + narrative_check
photo.a3.blue_mug.single,R0,photo.a3.blue_mug.single,仅按Media Bible定义局部编辑,构图、焦距、光源、压缩、主体身份与sourceRoot,overlay_diff + identity_check + narrative_check
photo.a3.blue_mug.single,R2,photo.a3.blue_mug.single,仅按Media Bible定义局部编辑,构图、焦距、光源、压缩、主体身份与sourceRoot,overlay_diff + identity_check + narrative_check
photo.a3.blue_mug.single,R3,photo.a3.blue_mug.single,仅按Media Bible定义局部编辑,构图、焦距、光源、压缩、主体身份与sourceRoot,overlay_diff + identity_check + narrative_check
photo.a3.kitchen_2019,R0,photo.a3.kitchen_2019,仅按Media Bible定义局部编辑,构图、焦距、光源、压缩、主体身份与sourceRoot,overlay_diff + identity_check + narrative_check
photo.a3.kitchen_2019,R3,photo.a3.kitchen_2019,仅按Media Bible定义局部编辑,构图、焦距、光源、压缩、主体身份与sourceRoot,overlay_diff + identity_check + narrative_check
photo.a3.kitchen_2019,R5,photo.a3.kitchen_2019,仅按Media Bible定义局部编辑,构图、焦距、光源、压缩、主体身份与sourceRoot,overlay_diff + identity_check + narrative_check
photo.a3.blue_mug.order_product,R0,photo.a3.blue_mug.order_product,仅按Media Bible定义局部编辑,构图、焦距、光源、压缩、主体身份与sourceRoot,overlay_diff + identity_check + narrative_check
photo.a3.blue_mug.xhs_crop,R0,photo.a3.blue_mug.single,仅按Media Bible定义局部编辑,构图、焦距、光源、压缩、主体身份与sourceRoot,overlay_diff + identity_check + narrative_check
photo.a3.blue_mug.xhs_crop,R3,photo.a3.blue_mug.single,仅按Media Bible定义局部编辑,构图、焦距、光源、压缩、主体身份与sourceRoot,overlay_diff + identity_check + narrative_check
audio.a3.zhoulan_blue_mug.master,R2,audio.a3.zhoulan_blue_mug.master,仅按Media Bible定义局部编辑,构图、焦距、光源、压缩、主体身份与sourceRoot,overlay_diff + identity_check + narrative_check
audio.a3.zhoulan_blue_mug.master,R3,audio.a3.zhoulan_blue_mug.master,仅按Media Bible定义局部编辑,构图、焦距、光源、压缩、主体身份与sourceRoot,overlay_diff + identity_check + narrative_check
audio.a3.pb_call,R0,audio.a3.pb_call,仅按Media Bible定义局部编辑,构图、焦距、光源、压缩、主体身份与sourceRoot,overlay_diff + identity_check + narrative_check
video.a3.site_0612.master,R2,video.a3.site_0612.master,仅按Media Bible定义局部编辑,构图、焦距、光源、压缩、主体身份与sourceRoot,overlay_diff + identity_check + narrative_check
video.a3.site_0612.master,R3,video.a3.site_0612.master,仅按Media Bible定义局部编辑,构图、焦距、光源、压缩、主体身份与sourceRoot,overlay_diff + identity_check + narrative_check
video.a3.site_0612.master,R4,video.a3.site_0612.master,仅按Media Bible定义局部编辑,构图、焦距、光源、压缩、主体身份与sourceRoot,overlay_diff + identity_check + narrative_check
photo.player.family_01.master,R0,photo.player.family_01.master,仅按Media Bible定义局部编辑,构图、焦距、光源、压缩、主体身份与sourceRoot,overlay_diff + identity_check + narrative_check
photo.player.family_01.master,R2,photo.player.family_01.master,仅按Media Bible定义局部编辑,构图、焦距、光源、压缩、主体身份与sourceRoot,overlay_diff + identity_check + narrative_check
photo.player.family_01.master,R3,photo.player.family_01.master,仅按Media Bible定义局部编辑,构图、焦距、光源、压缩、主体身份与sourceRoot,overlay_diff + identity_check + narrative_check
photo.player.family_01.master,R4,photo.player.family_01.master,仅按Media Bible定义局部编辑,构图、焦距、光源、压缩、主体身份与sourceRoot,overlay_diff + identity_check + narrative_check
photo.player.family_01.master,R5,photo.player.family_01.master,仅按Media Bible定义局部编辑,构图、焦距、光源、压缩、主体身份与sourceRoot,overlay_diff + identity_check + narrative_check
photo.player.family_02.master,R0,photo.player.family_02.master,仅按Media Bible定义局部编辑,构图、焦距、光源、压缩、主体身份与sourceRoot,overlay_diff + identity_check + narrative_check
photo.player.family_02.master,R2,photo.player.family_02.master,仅按Media Bible定义局部编辑,构图、焦距、光源、压缩、主体身份与sourceRoot,overlay_diff + identity_check + narrative_check
photo.player.family_02.master,R3,photo.player.family_02.master,仅按Media Bible定义局部编辑,构图、焦距、光源、压缩、主体身份与sourceRoot,overlay_diff + identity_check + narrative_check
photo.player.family_02.master,R4,photo.player.family_02.master,仅按Media Bible定义局部编辑,构图、焦距、光源、压缩、主体身份与sourceRoot,overlay_diff + identity_check + narrative_check
photo.player.family_02.master,R5,photo.player.family_02.master,仅按Media Bible定义局部编辑,构图、焦距、光源、压缩、主体身份与sourceRoot,overlay_diff + identity_check + narrative_check
photo.player.family_03.master,R0,photo.player.family_03.master,仅按Media Bible定义局部编辑,构图、焦距、光源、压缩、主体身份与sourceRoot,overlay_diff + identity_check + narrative_check
photo.player.family_03.master,R2,photo.player.family_03.master,仅按Media Bible定义局部编辑,构图、焦距、光源、压缩、主体身份与sourceRoot,overlay_diff + identity_check + narrative_check
photo.player.family_03.master,R3,photo.player.family_03.master,仅按Media Bible定义局部编辑,构图、焦距、光源、压缩、主体身份与sourceRoot,overlay_diff + identity_check + narrative_check
photo.player.family_03.master,R4,photo.player.family_03.master,仅按Media Bible定义局部编辑,构图、焦距、光源、压缩、主体身份与sourceRoot,overlay_diff + identity_check + narrative_check
photo.player.family_03.master,R5,photo.player.family_03.master,仅按Media Bible定义局部编辑,构图、焦距、光源、压缩、主体身份与sourceRoot,overlay_diff + identity_check + narrative_check
photo.a4.relationship_2022,R0,photo.a4.relationship_2022,仅按Media Bible定义局部编辑,构图、焦距、光源、压缩、主体身份与sourceRoot,overlay_diff + identity_check + narrative_check
photo.a4.relationship_2022,R3,photo.a4.relationship_2022,仅按Media Bible定义局部编辑,构图、焦距、光源、压缩、主体身份与sourceRoot,overlay_diff + identity_check + narrative_check
photo.a4.relationship_2022,R4,photo.a4.relationship_2022,仅按Media Bible定义局部编辑,构图、焦距、光源、压缩、主体身份与sourceRoot,overlay_diff + identity_check + narrative_check
photo.a4.relationship_2022,R5,photo.a4.relationship_2022,仅按Media Bible定义局部编辑,构图、焦距、光源、压缩、主体身份与sourceRoot,overlay_diff + identity_check + narrative_check
photo.a4.relationship_2023,R0,photo.a4.relationship_2023,仅按Media Bible定义局部编辑,构图、焦距、光源、压缩、主体身份与sourceRoot,overlay_diff + identity_check + narrative_check
photo.a4.relationship_2023,R3,photo.a4.relationship_2023,仅按Media Bible定义局部编辑,构图、焦距、光源、压缩、主体身份与sourceRoot,overlay_diff + identity_check + narrative_check
photo.a4.relationship_2023,R4,photo.a4.relationship_2023,仅按Media Bible定义局部编辑,构图、焦距、光源、压缩、主体身份与sourceRoot,overlay_diff + identity_check + narrative_check
photo.a4.relationship_2023,R5,photo.a4.relationship_2023,仅按Media Bible定义局部编辑,构图、焦距、光源、压缩、主体身份与sourceRoot,overlay_diff + identity_check + narrative_check
photo.a4.relationship_2023b,R0,photo.a4.relationship_2023b,仅按Media Bible定义局部编辑,构图、焦距、光源、压缩、主体身份与sourceRoot,overlay_diff + identity_check + narrative_check
photo.a4.relationship_2023b,R3,photo.a4.relationship_2023b,仅按Media Bible定义局部编辑,构图、焦距、光源、压缩、主体身份与sourceRoot,overlay_diff + identity_check + narrative_check
photo.a4.relationship_2023b,R4,photo.a4.relationship_2023b,仅按Media Bible定义局部编辑,构图、焦距、光源、压缩、主体身份与sourceRoot,overlay_diff + identity_check + narrative_check
photo.a4.relationship_2023b,R5,photo.a4.relationship_2023b,仅按Media Bible定义局部编辑,构图、焦距、光源、压缩、主体身份与sourceRoot,overlay_diff + identity_check + narrative_check
photo.a4.relationship_2024,R0,photo.a4.relationship_2024,仅按Media Bible定义局部编辑,构图、焦距、光源、压缩、主体身份与sourceRoot,overlay_diff + identity_check + narrative_check
photo.a4.relationship_2024,R3,photo.a4.relationship_2024,仅按Media Bible定义局部编辑,构图、焦距、光源、压缩、主体身份与sourceRoot,overlay_diff + identity_check + narrative_check
photo.a4.relationship_2024,R4,photo.a4.relationship_2024,仅按Media Bible定义局部编辑,构图、焦距、光源、压缩、主体身份与sourceRoot,overlay_diff + identity_check + narrative_check
photo.a4.relationship_2024,R5,photo.a4.relationship_2024,仅按Media Bible定义局部编辑,构图、焦距、光源、压缩、主体身份与sourceRoot,overlay_diff + identity_check + narrative_check
photo.a4.relationship_2024b,R0,photo.a4.relationship_2024b,仅按Media Bible定义局部编辑,构图、焦距、光源、压缩、主体身份与sourceRoot,overlay_diff + identity_check + narrative_check
photo.a4.relationship_2024b,R3,photo.a4.relationship_2024b,仅按Media Bible定义局部编辑,构图、焦距、光源、压缩、主体身份与sourceRoot,overlay_diff + identity_check + narrative_check
photo.a4.relationship_2024b,R4,photo.a4.relationship_2024b,仅按Media Bible定义局部编辑,构图、焦距、光源、压缩、主体身份与sourceRoot,overlay_diff + identity_check + narrative_check
photo.a4.relationship_2024b,R5,photo.a4.relationship_2024b,仅按Media Bible定义局部编辑,构图、焦距、光源、压缩、主体身份与sourceRoot,overlay_diff + identity_check + narrative_check
photo.a4.relationship_2025,R0,photo.a4.relationship_2025,仅按Media Bible定义局部编辑,构图、焦距、光源、压缩、主体身份与sourceRoot,overlay_diff + identity_check + narrative_check
photo.a4.relationship_2025,R3,photo.a4.relationship_2025,仅按Media Bible定义局部编辑,构图、焦距、光源、压缩、主体身份与sourceRoot,overlay_diff + identity_check + narrative_check
photo.a4.relationship_2025,R4,photo.a4.relationship_2025,仅按Media Bible定义局部编辑,构图、焦距、光源、压缩、主体身份与sourceRoot,overlay_diff + identity_check + narrative_check
photo.a4.relationship_2025,R5,photo.a4.relationship_2025,仅按Media Bible定义局部编辑,构图、焦距、光源、压缩、主体身份与sourceRoot,overlay_diff + identity_check + narrative_check
photo.a4.relationship_2025b,R0,photo.a4.relationship_2025b,仅按Media Bible定义局部编辑,构图、焦距、光源、压缩、主体身份与sourceRoot,overlay_diff + identity_check + narrative_check
photo.a4.relationship_2025b,R3,photo.a4.relationship_2025b,仅按Media Bible定义局部编辑,构图、焦距、光源、压缩、主体身份与sourceRoot,overlay_diff + identity_check + narrative_check
photo.a4.relationship_2025b,R4,photo.a4.relationship_2025b,仅按Media Bible定义局部编辑,构图、焦距、光源、压缩、主体身份与sourceRoot,overlay_diff + identity_check + narrative_check
photo.a4.relationship_2025b,R5,photo.a4.relationship_2025b,仅按Media Bible定义局部编辑,构图、焦距、光源、压缩、主体身份与sourceRoot,overlay_diff + identity_check + narrative_check
photo.a4.relationship_2026,R0,photo.a4.relationship_2026,仅按Media Bible定义局部编辑,构图、焦距、光源、压缩、主体身份与sourceRoot,overlay_diff + identity_check + narrative_check
photo.a4.relationship_2026,R3,photo.a4.relationship_2026,仅按Media Bible定义局部编辑,构图、焦距、光源、压缩、主体身份与sourceRoot,overlay_diff + identity_check + narrative_check
photo.a4.relationship_2026,R4,photo.a4.relationship_2026,仅按Media Bible定义局部编辑,构图、焦距、光源、压缩、主体身份与sourceRoot,overlay_diff + identity_check + narrative_check
photo.a4.relationship_2026,R5,photo.a4.relationship_2026,仅按Media Bible定义局部编辑,构图、焦距、光源、压缩、主体身份与sourceRoot,overlay_diff + identity_check + narrative_check
photo.a4.relationship_2026b,R0,photo.a4.relationship_2026b,仅按Media Bible定义局部编辑,构图、焦距、光源、压缩、主体身份与sourceRoot,overlay_diff + identity_check + narrative_check
photo.a4.relationship_2026b,R3,photo.a4.relationship_2026b,仅按Media Bible定义局部编辑,构图、焦距、光源、压缩、主体身份与sourceRoot,overlay_diff + identity_check + narrative_check
photo.a4.relationship_2026b,R4,photo.a4.relationship_2026b,仅按Media Bible定义局部编辑,构图、焦距、光源、压缩、主体身份与sourceRoot,overlay_diff + identity_check + narrative_check
photo.a4.relationship_2026b,R5,photo.a4.relationship_2026b,仅按Media Bible定义局部编辑,构图、焦距、光源、压缩、主体身份与sourceRoot,overlay_diff + identity_check + narrative_check
photo.a4.relationship_2026c,R0,photo.a4.relationship_2026c,仅按Media Bible定义局部编辑,构图、焦距、光源、压缩、主体身份与sourceRoot,overlay_diff + identity_check + narrative_check
photo.a4.relationship_2026c,R3,photo.a4.relationship_2026c,仅按Media Bible定义局部编辑,构图、焦距、光源、压缩、主体身份与sourceRoot,overlay_diff + identity_check + narrative_check
photo.a4.relationship_2026c,R4,photo.a4.relationship_2026c,仅按Media Bible定义局部编辑,构图、焦距、光源、压缩、主体身份与sourceRoot,overlay_diff + identity_check + narrative_check
photo.a4.relationship_2026c,R5,photo.a4.relationship_2026c,仅按Media Bible定义局部编辑,构图、焦距、光源、压缩、主体身份与sourceRoot,overlay_diff + identity_check + narrative_check
video.a4.handoff_0714.master,R3,video.a4.handoff_0714.master,仅按Media Bible定义局部编辑,构图、焦距、光源、压缩、主体身份与sourceRoot,overlay_diff + identity_check + narrative_check
video.a4.handoff_0714.master,R4,video.a4.handoff_0714.master,仅按Media Bible定义局部编辑,构图、焦距、光源、压缩、主体身份与sourceRoot,overlay_diff + identity_check + narrative_check
video.a4.handoff_0714.master,R5,video.a4.handoff_0714.master,仅按Media Bible定义局部编辑,构图、焦距、光源、压缩、主体身份与sourceRoot,overlay_diff + identity_check + narrative_check
image.a4.handoff_frame_01,R3,video.a4.handoff_0714.master,仅按Media Bible定义局部编辑,构图、焦距、光源、压缩、主体身份与sourceRoot,overlay_diff + identity_check + narrative_check
image.a4.handoff_frame_01,R4,video.a4.handoff_0714.master,仅按Media Bible定义局部编辑,构图、焦距、光源、压缩、主体身份与sourceRoot,overlay_diff + identity_check + narrative_check
image.a4.handoff_frame_01,R5,video.a4.handoff_0714.master,仅按Media Bible定义局部编辑,构图、焦距、光源、压缩、主体身份与sourceRoot,overlay_diff + identity_check + narrative_check
image.a4.handoff_frame_02,R3,video.a4.handoff_0714.master,仅按Media Bible定义局部编辑,构图、焦距、光源、压缩、主体身份与sourceRoot,overlay_diff + identity_check + narrative_check
image.a4.handoff_frame_02,R4,video.a4.handoff_0714.master,仅按Media Bible定义局部编辑,构图、焦距、光源、压缩、主体身份与sourceRoot,overlay_diff + identity_check + narrative_check
image.a4.handoff_frame_02,R5,video.a4.handoff_0714.master,仅按Media Bible定义局部编辑,构图、焦距、光源、压缩、主体身份与sourceRoot,overlay_diff + identity_check + narrative_check
image.a4.handoff_frame_03,R3,video.a4.handoff_0714.master,仅按Media Bible定义局部编辑,构图、焦距、光源、压缩、主体身份与sourceRoot,overlay_diff + identity_check + narrative_check
image.a4.handoff_frame_03,R4,video.a4.handoff_0714.master,仅按Media Bible定义局部编辑,构图、焦距、光源、压缩、主体身份与sourceRoot,overlay_diff + identity_check + narrative_check
image.a4.handoff_frame_03,R5,video.a4.handoff_0714.master,仅按Media Bible定义局部编辑,构图、焦距、光源、压缩、主体身份与sourceRoot,overlay_diff + identity_check + narrative_check
image.a4.handoff_frame_04,R3,video.a4.handoff_0714.master,仅按Media Bible定义局部编辑,构图、焦距、光源、压缩、主体身份与sourceRoot,overlay_diff + identity_check + narrative_check
image.a4.handoff_frame_04,R4,video.a4.handoff_0714.master,仅按Media Bible定义局部编辑,构图、焦距、光源、压缩、主体身份与sourceRoot,overlay_diff + identity_check + narrative_check
image.a4.handoff_frame_04,R5,video.a4.handoff_0714.master,仅按Media Bible定义局部编辑,构图、焦距、光源、压缩、主体身份与sourceRoot,overlay_diff + identity_check + narrative_check
image.a4.handoff_frame_05,R3,video.a4.handoff_0714.master,仅按Media Bible定义局部编辑,构图、焦距、光源、压缩、主体身份与sourceRoot,overlay_diff + identity_check + narrative_check
image.a4.handoff_frame_05,R4,video.a4.handoff_0714.master,仅按Media Bible定义局部编辑,构图、焦距、光源、压缩、主体身份与sourceRoot,overlay_diff + identity_check + narrative_check
image.a4.handoff_frame_05,R5,video.a4.handoff_0714.master,仅按Media Bible定义局部编辑,构图、焦距、光源、压缩、主体身份与sourceRoot,overlay_diff + identity_check + narrative_check
image.a4.handoff_frame_06,R3,video.a4.handoff_0714.master,仅按Media Bible定义局部编辑,构图、焦距、光源、压缩、主体身份与sourceRoot,overlay_diff + identity_check + narrative_check
image.a4.handoff_frame_06,R4,video.a4.handoff_0714.master,仅按Media Bible定义局部编辑,构图、焦距、光源、压缩、主体身份与sourceRoot,overlay_diff + identity_check + narrative_check
image.a4.handoff_frame_06,R5,video.a4.handoff_0714.master,仅按Media Bible定义局部编辑,构图、焦距、光源、压缩、主体身份与sourceRoot,overlay_diff + identity_check + narrative_check
image.a4.handoff_frame_07,R3,video.a4.handoff_0714.master,仅按Media Bible定义局部编辑,构图、焦距、光源、压缩、主体身份与sourceRoot,overlay_diff + identity_check + narrative_check
image.a4.handoff_frame_07,R4,video.a4.handoff_0714.master,仅按Media Bible定义局部编辑,构图、焦距、光源、压缩、主体身份与sourceRoot,overlay_diff + identity_check + narrative_check
image.a4.handoff_frame_07,R5,video.a4.handoff_0714.master,仅按Media Bible定义局部编辑,构图、焦距、光源、压缩、主体身份与sourceRoot,overlay_diff + identity_check + narrative_check
image.a4.handoff_frame_08,R3,video.a4.handoff_0714.master,仅按Media Bible定义局部编辑,构图、焦距、光源、压缩、主体身份与sourceRoot,overlay_diff + identity_check + narrative_check
image.a4.handoff_frame_08,R4,video.a4.handoff_0714.master,仅按Media Bible定义局部编辑,构图、焦距、光源、压缩、主体身份与sourceRoot,overlay_diff + identity_check + narrative_check
image.a4.handoff_frame_08,R5,video.a4.handoff_0714.master,仅按Media Bible定义局部编辑,构图、焦距、光源、压缩、主体身份与sourceRoot,overlay_diff + identity_check + narrative_check
image.a4.player_reflection,R3,video.a4.handoff_0714.master,仅按Media Bible定义局部编辑,构图、焦距、光源、压缩、主体身份与sourceRoot,overlay_diff + identity_check + narrative_check
image.a4.player_reflection,R4,video.a4.handoff_0714.master,仅按Media Bible定义局部编辑,构图、焦距、光源、压缩、主体身份与sourceRoot,overlay_diff + identity_check + narrative_check
audio.a4.handoff_dialogue,R3,video.a4.handoff_0714.master,仅按Media Bible定义局部编辑,构图、焦距、光源、压缩、主体身份与sourceRoot,overlay_diff + identity_check + narrative_check
audio.a4.handoff_dialogue,R4,video.a4.handoff_0714.master,仅按Media Bible定义局部编辑,构图、焦距、光源、压缩、主体身份与sourceRoot,overlay_diff + identity_check + narrative_check
audio.a4.handoff_dialogue,R5,video.a4.handoff_0714.master,仅按Media Bible定义局部编辑,构图、焦距、光源、压缩、主体身份与sourceRoot,overlay_diff + identity_check + narrative_check
audio.a4.axu_player_name,R0,audio.a4.axu_player_name,仅按Media Bible定义局部编辑,构图、焦距、光源、压缩、主体身份与sourceRoot,overlay_diff + identity_check + narrative_check
audio.a5.shen_unlabeled,R0,audio.a5.shen_unlabeled,仅按Media Bible定义局部编辑,构图、焦距、光源、压缩、主体身份与sourceRoot,overlay_diff + identity_check + narrative_check
scan.a5.birth_booklet_01,R0,scan.a5.birth_booklet_01,仅按Media Bible定义局部编辑,构图、焦距、光源、压缩、主体身份与sourceRoot,overlay_diff + identity_check + narrative_check
scan.a5.birth_booklet_02,R0,scan.a5.birth_booklet_02,仅按Media Bible定义局部编辑,构图、焦距、光源、压缩、主体身份与sourceRoot,overlay_diff + identity_check + narrative_check
photo.a5.university_unnamed,R0,photo.a5.university_unnamed,仅按Media Bible定义局部编辑,构图、焦距、光源、压缩、主体身份与sourceRoot,overlay_diff + identity_check + narrative_check
photo.a5.key_unowned_current,R0,photo.a5.key_unowned_current,仅按Media Bible定义局部编辑,构图、焦距、光源、压缩、主体身份与sourceRoot,overlay_diff + identity_check + narrative_check
audio.a5.ending_no_number,R0,audio.a5.ending_no_number,仅按Media Bible定义局部编辑,构图、焦距、光源、压缩、主体身份与sourceRoot,overlay_diff + identity_check + narrative_check
group.daily.shen_01,R0,group.daily.shen_01,仅按Media Bible定义局部编辑,构图、焦距、光源、压缩、主体身份与sourceRoot,overlay_diff + identity_check + narrative_check
group.daily.shen_02,R0,group.daily.shen_02,仅按Media Bible定义局部编辑,构图、焦距、光源、压缩、主体身份与sourceRoot,overlay_diff + identity_check + narrative_check
group.daily.shen_03,R0,group.daily.shen_03,仅按Media Bible定义局部编辑,构图、焦距、光源、压缩、主体身份与sourceRoot,overlay_diff + identity_check + narrative_check
group.daily.shen_04,R0,group.daily.shen_04,仅按Media Bible定义局部编辑,构图、焦距、光源、压缩、主体身份与sourceRoot,overlay_diff + identity_check + narrative_check
group.daily.shen_05,R0,group.daily.shen_05,仅按Media Bible定义局部编辑,构图、焦距、光源、压缩、主体身份与sourceRoot,overlay_diff + identity_check + narrative_check
group.daily.shen_06,R0,group.daily.shen_06,仅按Media Bible定义局部编辑,构图、焦距、光源、压缩、主体身份与sourceRoot,overlay_diff + identity_check + narrative_check
group.daily.shen_07,R0,group.daily.shen_07,仅按Media Bible定义局部编辑,构图、焦距、光源、压缩、主体身份与sourceRoot,overlay_diff + identity_check + narrative_check
group.daily.shen_08,R0,group.daily.shen_08,仅按Media Bible定义局部编辑,构图、焦距、光源、压缩、主体身份与sourceRoot,overlay_diff + identity_check + narrative_check
group.daily.shen_09,R0,group.daily.shen_09,仅按Media Bible定义局部编辑,构图、焦距、光源、压缩、主体身份与sourceRoot,overlay_diff + identity_check + narrative_check
group.daily.shen_10,R0,group.daily.shen_10,仅按Media Bible定义局部编辑,构图、焦距、光源、压缩、主体身份与sourceRoot,overlay_diff + identity_check + narrative_check
group.daily.shen_11,R0,group.daily.shen_11,仅按Media Bible定义局部编辑,构图、焦距、光源、压缩、主体身份与sourceRoot,overlay_diff + identity_check + narrative_check
group.daily.shen_12,R0,group.daily.shen_12,仅按Media Bible定义局部编辑,构图、焦距、光源、压缩、主体身份与sourceRoot,overlay_diff + identity_check + narrative_check
group.daily.shen_13,R0,group.daily.shen_13,仅按Media Bible定义局部编辑,构图、焦距、光源、压缩、主体身份与sourceRoot,overlay_diff + identity_check + narrative_check
group.daily.shen_14,R0,group.daily.shen_14,仅按Media Bible定义局部编辑,构图、焦距、光源、压缩、主体身份与sourceRoot,overlay_diff + identity_check + narrative_check
group.daily.shen_15,R0,group.daily.shen_15,仅按Media Bible定义局部编辑,构图、焦距、光源、压缩、主体身份与sourceRoot,overlay_diff + identity_check + narrative_check
group.daily.shen_16,R0,group.daily.shen_16,仅按Media Bible定义局部编辑,构图、焦距、光源、压缩、主体身份与sourceRoot,overlay_diff + identity_check + narrative_check
group.daily.shen_17,R0,group.daily.shen_17,仅按Media Bible定义局部编辑,构图、焦距、光源、压缩、主体身份与sourceRoot,overlay_diff + identity_check + narrative_check
group.daily.shen_18,R0,group.daily.shen_18,仅按Media Bible定义局部编辑,构图、焦距、光源、压缩、主体身份与sourceRoot,overlay_diff + identity_check + narrative_check
group.daily.shen_19,R0,group.daily.shen_19,仅按Media Bible定义局部编辑,构图、焦距、光源、压缩、主体身份与sourceRoot,overlay_diff + identity_check + narrative_check
group.daily.shen_20,R0,group.daily.shen_20,仅按Media Bible定义局部编辑,构图、焦距、光源、压缩、主体身份与sourceRoot,overlay_diff + identity_check + narrative_check
group.daily.shen_21,R0,group.daily.shen_21,仅按Media Bible定义局部编辑,构图、焦距、光源、压缩、主体身份与sourceRoot,overlay_diff + identity_check + narrative_check
group.daily.shen_22,R0,group.daily.shen_22,仅按Media Bible定义局部编辑,构图、焦距、光源、压缩、主体身份与sourceRoot,overlay_diff + identity_check + narrative_check
group.daily.shen_23,R0,group.daily.shen_23,仅按Media Bible定义局部编辑,构图、焦距、光源、压缩、主体身份与sourceRoot,overlay_diff + identity_check + narrative_check
group.daily.shen_24,R0,group.daily.shen_24,仅按Media Bible定义局部编辑,构图、焦距、光源、压缩、主体身份与sourceRoot,overlay_diff + identity_check + narrative_check
group.daily.player_01,R0,group.daily.player_01,仅按Media Bible定义局部编辑,构图、焦距、光源、压缩、主体身份与sourceRoot,overlay_diff + identity_check + narrative_check
group.daily.player_02,R0,group.daily.player_02,仅按Media Bible定义局部编辑,构图、焦距、光源、压缩、主体身份与sourceRoot,overlay_diff + identity_check + narrative_check
group.daily.player_03,R0,group.daily.player_03,仅按Media Bible定义局部编辑,构图、焦距、光源、压缩、主体身份与sourceRoot,overlay_diff + identity_check + narrative_check
group.daily.player_04,R0,group.daily.player_04,仅按Media Bible定义局部编辑,构图、焦距、光源、压缩、主体身份与sourceRoot,overlay_diff + identity_check + narrative_check
group.daily.player_05,R0,group.daily.player_05,仅按Media Bible定义局部编辑,构图、焦距、光源、压缩、主体身份与sourceRoot,overlay_diff + identity_check + narrative_check
group.daily.player_06,R0,group.daily.player_06,仅按Media Bible定义局部编辑,构图、焦距、光源、压缩、主体身份与sourceRoot,overlay_diff + identity_check + narrative_check
group.daily.player_07,R0,group.daily.player_07,仅按Media Bible定义局部编辑,构图、焦距、光源、压缩、主体身份与sourceRoot,overlay_diff + identity_check + narrative_check
group.daily.player_08,R0,group.daily.player_08,仅按Media Bible定义局部编辑,构图、焦距、光源、压缩、主体身份与sourceRoot,overlay_diff + identity_check + narrative_check
group.daily.player_09,R0,group.daily.player_09,仅按Media Bible定义局部编辑,构图、焦距、光源、压缩、主体身份与sourceRoot,overlay_diff + identity_check + narrative_check
group.daily.player_10,R0,group.daily.player_10,仅按Media Bible定义局部编辑,构图、焦距、光源、压缩、主体身份与sourceRoot,overlay_diff + identity_check + narrative_check
group.daily.player_11,R0,group.daily.player_11,仅按Media Bible定义局部编辑,构图、焦距、光源、压缩、主体身份与sourceRoot,overlay_diff + identity_check + narrative_check
group.daily.player_12,R0,group.daily.player_12,仅按Media Bible定义局部编辑,构图、焦距、光源、压缩、主体身份与sourceRoot,overlay_diff + identity_check + narrative_check
audio.daily.01,R0,audio.daily.01,仅按Media Bible定义局部编辑,构图、焦距、光源、压缩、主体身份与sourceRoot,overlay_diff + identity_check + narrative_check
audio.daily.02,R0,audio.daily.02,仅按Media Bible定义局部编辑,构图、焦距、光源、压缩、主体身份与sourceRoot,overlay_diff + identity_check + narrative_check
audio.daily.03,R0,audio.daily.03,仅按Media Bible定义局部编辑,构图、焦距、光源、压缩、主体身份与sourceRoot,overlay_diff + identity_check + narrative_check
audio.daily.04,R0,audio.daily.04,仅按Media Bible定义局部编辑,构图、焦距、光源、压缩、主体身份与sourceRoot,overlay_diff + identity_check + narrative_check
audio.daily.05,R0,audio.daily.05,仅按Media Bible定义局部编辑,构图、焦距、光源、压缩、主体身份与sourceRoot,overlay_diff + identity_check + narrative_check
audio.daily.06,R0,audio.daily.06,仅按Media Bible定义局部编辑,构图、焦距、光源、压缩、主体身份与sourceRoot,overlay_diff + identity_check + narrative_check
audio.daily.07,R0,audio.daily.07,仅按Media Bible定义局部编辑,构图、焦距、光源、压缩、主体身份与sourceRoot,overlay_diff + identity_check + narrative_check
audio.daily.08,R0,audio.daily.08,仅按Media Bible定义局部编辑,构图、焦距、光源、压缩、主体身份与sourceRoot,overlay_diff + identity_check + narrative_check
video.daily.01,R0,video.daily.01,仅按Media Bible定义局部编辑,构图、焦距、光源、压缩、主体身份与sourceRoot,overlay_diff + identity_check + narrative_check
video.daily.02,R0,video.daily.02,仅按Media Bible定义局部编辑,构图、焦距、光源、压缩、主体身份与sourceRoot,overlay_diff + identity_check + narrative_check
video.daily.03,R0,video.daily.03,仅按Media Bible定义局部编辑,构图、焦距、光源、压缩、主体身份与sourceRoot,overlay_diff + identity_check + narrative_check
video.daily.04,R0,video.daily.04,仅按Media Bible定义局部编辑,构图、焦距、光源、压缩、主体身份与sourceRoot,overlay_diff + identity_check + narrative_check
video.daily.05,R0,video.daily.05,仅按Media Bible定义局部编辑,构图、焦距、光源、压缩、主体身份与sourceRoot,overlay_diff + identity_check + narrative_check
video.daily.06,R0,video.daily.06,仅按Media Bible定义局部编辑,构图、焦距、光源、压缩、主体身份与sourceRoot,overlay_diff + identity_check + narrative_check
