ref_id,app,page,relpath,version,source_type,source_url,confidence,coverage,use,limitations,capture_date,pixel_size,sha256,file_size_kb
IOS26-LOCK-01,iOS系统,锁定屏幕,apps/ios_system/raw/IOS26-LOCK-01__ios_lock_screen.png,iOS 26.5.2,Apple 官方用户指南,https://support.apple.com/zh-cn/guide/iphone/iphfed2c4091/ios,高,direct_real,时间层级、状态栏、快捷按钮、底部手势区,,2026-07-16,489x1008,d53f2662a46e034ed52d0b17d6b878d7b4451e13a72232346eac3be4e4689710,565.1
IOS26-HOME-01,iOS系统,主屏幕,apps/ios_system/raw/IOS26-HOME-01__ios_home_screen.png,iOS 26.5.2,Apple 官方用户指南,https://support.apple.com/zh-cn/guide/iphone/iphfed2c4091/ios,高,direct_real,图标网格、Dock、搜索入口、系统材质,,2026-07-16,489x1008,0653b12c2efcdc7b3a09dae2e87c26a93f818f33022065f3c4cd3bda099a4210,320.3
IOS26-PASS-01,iOS系统,六位密码输入,apps/ios_system/raw/IOS26-PASS-01__ios_passcode_state.png,iOS 26,Apple 官方用户指南,https://support.apple.com/zh-cn/guide/iphone/welcome/ios,高,direct_real,密码圆点、数字键盘、取消入口与安全区,,2026-07-16,640x1324,fc8c3c18fa612e0cd10ffff5329b126d5fb1da7d3d04a911e36024d788ff7781,585.0
IOS26-SWITCH-01,iOS系统,App切换器,apps/ios_system/raw/IOS26-SWITCH-01__ios_app_switcher.png,iOS 26,Apple 官方用户指南,https://support.apple.com/zh-cn/guide/iphone/welcome/ios,高,direct_real,卡片比例、背景模糊、底部手势区,,2026-07-16,490x1008,e7241bef3bdb8fa60b2cd42a493dbd5f2bca0fb2ac1b4e9c23989f24e86d361d,521.9
IOS26-FILES-01,文件,文件预览,apps/files/raw/IOS26-FILES-01__ios_files_preview.png,iOS 26,Apple 官方用户指南,https://support.apple.com/zh-cn/guide/iphone/welcome/ios,高,direct_real,文件预览、顶部操作、底部工具,,2026-07-16,490x1008,42e21a7c09fb269417f54388b330d26e50c3d8016b564d32bb1ab9d0bdb22a40,324.5
IOS26-CLOCK-01,时钟,时钟—闹钟,apps/clock/raw/IOS26-CLOCK-01__ios_clock_alarm.png,iOS 26,Apple 官方用户指南,https://support.apple.com/zh-cn/guide/iphone/welcome/ios,高,direct_real,系统列表、分段导航、开关和底部栏,,2026-07-16,490x1008,5f816799b3e819df2a89d687df61672eeaac2324829ca2f5711341d6e1995060,124.3
IOS26-NOTES-01,备忘录,备忘录格式工具,apps/notes/raw/IOS26-NOTES-01__ios_notes_formatting.png,iOS 26,Apple 官方用户指南,https://support.apple.com/zh-cn/guide/iphone/welcome/ios,高,direct_real,正文、键盘上方格式工具、系统顶栏,,2026-07-16,640x1320,b3aa0357bb9e2b08599af041d33e609941417496608742a98c8ff37df5fef8bf,596.1
IOS26-NOTES-02,备忘录,备忘录附件,apps/notes/raw/IOS26-NOTES-02__ios_notes_attachment.png,iOS 26,Apple 官方用户指南,https://support.apple.com/zh-cn/guide/iphone/welcome/ios,高,direct_real,附件卡、正文密度、底部工具,,2026-07-16,640x1320,c993e771bd2b9efb6aae08e3fd0c2fa7981621eebba91845482fb337a36feac3,600.6
PHOTOS26-LIB-01,照片,图库与精选集,apps/photos/raw/PHOTOS26-LIB-01__PHOTOS26_01_library_collections.png,iOS 26,Apple 官方用户指南,https://support.apple.com/zh-cn/guide/iphone/welcome/ios,高,direct_real,图库网格、顶栏、底部标签、滚动密度,,2026-07-16,490x1008,de3fe44fe704cf8fbf686d8e3c017e059302ec68199dfa069f2111c200a45401,804.4
PHOTOS26-TIME-01,照片,年/月/全部照片,apps/photos/raw/PHOTOS26-TIME-01__PHOTOS26_02_library_years_months_all.png,iOS 26,Apple 官方用户指南,https://support.apple.com/zh-cn/guide/iphone/welcome/ios,高,direct_real,时间层级切换、照片网格和底部栏,,2026-07-16,490x1008,555aa5a8c76038bae617cd127853ee6e052885def200d3fb6c7428a03ba88474,850.0
PHOTOS26-DETAIL-01,照片,单图详情,apps/photos/raw/PHOTOS26-DETAIL-01__PHOTOS26_03_photo_detail.png,iOS 26,Apple 官方用户指南,https://support.apple.com/zh-cn/guide/iphone/welcome/ios,高,direct_real,单图适配、胶片条、底部操作,,2026-07-16,490x1008,a0d04d6f3188ebacdfc8235ce1633347bff0f2ce2584d9a6eb03953aab3907dd,634.5
PHOTOS26-INFO-01,照片,照片信息与EXIF,apps/photos/raw/PHOTOS26-INFO-01__PHOTOS26_04_metadata_info.png,iOS 26,Apple 官方用户指南,https://support.apple.com/zh-cn/guide/iphone/welcome/ios,高,direct_real,信息卡、人物识别、设备参数和地图卡,,2026-07-16,490x1008,1a220151492c2f03d59319c3214e4b35d6f7dfd2266d576d295ed46099a6d579,430.5
SAFARI26-START-01,Safari,起始页,apps/safari/raw/SAFARI26-START-01__safari_start_page.png,Safari / iOS 26,Apple 官方用户指南,https://support.apple.com/zh-cn/guide/iphone/welcome/ios,高,direct_real,收藏、隐私报告、地址栏和系统材质,,2026-07-16,489x1008,afb2d360c930773a82f375733387865b709f1435246d7ff4205619658f3fa34c,372.8
SAFARI26-SEARCH-01,Safari,地址输入与搜索键盘,apps/safari/raw/SAFARI26-SEARCH-01__safari_search_keyboard.png,Safari / iOS 26,Apple 官方用户指南,https://support.apple.com/zh-cn/guide/iphone/welcome/ios,高,direct_real,搜索建议、地址栏、键盘和前往键,,2026-07-16,489x1008,2fed3576740c8d523c4748d0c85ca9a0977e6f1887ccb078a9b5f4cd311e6d1d,142.5
SAFARI26-WEB-01,Safari,网页浏览与紧凑地址栏,apps/safari/raw/SAFARI26-WEB-01__SAFARI26_01_webpage_compact.png,Safari / iOS 26,Apple 官方用户指南,https://support.apple.com/zh-cn/guide/iphone/welcome/ios,高,direct_real,网页视口、底部地址栏、返回和更多入口,,2026-07-16,490x1008,3336bd684a30a77ccb4c49ea94e29d4bd80c395f18059673d39e18eeb5c861e4,343.3
SAFARI26-MENU-01,Safari,更多菜单,apps/safari/raw/SAFARI26-MENU-01__SAFARI26_02_more_menu.png,Safari / iOS 26,Apple 官方用户指南,https://support.apple.com/zh-cn/guide/iphone/welcome/ios,高,direct_real,底部浮层、圆角、模糊材质和菜单行,,2026-07-16,490x1008,83489d764770954ffb25750abe4ff33069389b45f518a79b0959eacfe17b5913,324.7
SAFARI26-PRIVATE-01,Safari,无痕浏览,apps/safari/raw/SAFARI26-PRIVATE-01__SAFARI26_03_private_browsing.png,Safari / iOS 26,Apple 官方用户指南,https://support.apple.com/zh-cn/guide/iphone/welcome/ios,高,direct_real,无痕空状态、模式切换和底部操作,,2026-07-16,490x1008,c4addc33db84fb7f0ce738e789d72b420c058bbc215d5f021b261ecb121ebaeb,326.8
SAFARI26-TABS-01,Safari,标签总览与最近关闭,apps/safari/raw/SAFARI26-TABS-01__SAFARI26_04_tab_overview_recently_closed.png,Safari / iOS 26,Apple 官方用户指南,https://support.apple.com/zh-cn/guide/iphone/welcome/ios,高,direct_real,标签卡、最近关闭浮层和底部确认,,2026-07-16,490x1008,83bd28bb6218fb1fdb8fdb134d4da136ae7ad3d98fdce36f3f3b9d04333b7052,556.8
WX-LIST-01,微信,会话列表,apps/wechat/raw/WX-LIST-01__WECHAT_8.0.75_09_message_list_appstore.png,微信 8.0.75,App Store 官方宣传截图,https://apps.apple.com/cn/app/%E5%BE%AE%E4%BF%A1/id414478124,高（结构）,direct_real,会话行、搜索、时间、未读角标和底部导航,宣传内容与游戏内容不同；只复刻界面结构,2026-07-16,392x696,7f0ab2b08ce096f0275a0bc3cde77a4ba429d3072e9d63da2ee22d994a2b040a,147.0
WX-GROUP-01,微信,群聊详情,apps/wechat/raw/WX-GROUP-01__WECHAT_8.0.75_10_group_chat_appstore.png,微信 8.0.75,App Store 官方宣传截图,https://apps.apple.com/cn/app/%E5%BE%AE%E4%BF%A1/id414478124,高（结构）,direct_real,聊天气泡、头像、时间分隔、输入区,群聊内容需按Content Bible替换,2026-07-16,392x696,d482c4de84936cb1f5a3442e1565cf6dfdab3db15b58442ccc9754b63294a9ee,131.4
WX-VOICE-01,微信,语音输入状态,apps/wechat/raw/WX-VOICE-01__WECHAT_8.0.75_11_voice_input_appstore.png,微信 8.0.75,App Store 官方宣传截图,https://apps.apple.com/cn/app/%E5%BE%AE%E4%BF%A1/id414478124,高（结构）,direct_real,语音输入面板、底部输入区和安全区,,2026-07-16,392x696,221a01cd54e9bf330493b8fb6cae49ea12d149073168ca5bd1fbb5097f85f3ff,133.2
WX-FILE-01,微信,大视频转文件确认,apps/wechat/raw/WX-FILE-01__WECHAT_8.0.75_02_large_video_as_file.jpg,微信 8.0.75,2026近期实测公开截图,https://n.sinaimg.cn/spider20260614/298/w1080h818/20260614/60ea-05e498c284aebcf3f853cae03f6ae69f.jpg,中高,direct_real,文件卡、底部确认面板、绿色主按钮,,2026-07-16,1080x818,10bcdf9ce70a995079ce1b11eebddd17dd5c8504b1ec150f0faf0c8c7ca5dbd9,39.8
WX-MOMENT-01,微信,朋友圈搜索入口,apps/wechat/raw/WX-MOMENT-01__WECHAT_8.0.75_03_moments_search_entry.jpg,微信 8.0.75,2026近期实测公开截图,https://n.sinaimg.cn/spider20260614/57/w1080h1377/20260614/3e33-320891d972830a3b73ee8845f0e8667e.jpg,中,direct_real,朋友圈头部、搜索/相册/通知入口,可能属于灰度状态,2026-07-16,1080x1377,59796aaee0a0029b6246291e9d7ce1f983aa384f32ca940b0aa06a08d5863f7f,51.8
WX-MOMENT-02,微信,朋友圈搜索结果,apps/wechat/raw/WX-MOMENT-02__WECHAT_8.0.75_04_moments_search_results.jpg,微信 8.0.75,2026近期实测公开截图,https://n.sinaimg.cn/spider20260614/90/w1068h1422/20260614/fa4d-97c9030a56f3a4f0f133506e8b103d04.jpg,中,direct_real,搜索框、结果卡、日期与图片网格,可能属于灰度状态,2026-07-16,1068x1422,47b98113a4f9a9824944b27d27535fc7ffbb9d1b84018537b654fa401f3f3ab3,82.9
WX-PLUS-01,微信,聊天“+”扩展面板,apps/wechat/raw/WX-PLUS-01__WECHAT_8.0.75_07_chat_plus_panel.webp,微信 8.0.75,2026近期实测公开截图,https://q9.itc.cn/q_70/images03/20260615/eb2de05f443d4b8696da618849c8faba.jpeg,中,direct_real,输入区、扩展面板网格、分页圆点,,2026-07-16,652x872,4412e8a804774b2893a37e623eb91a3ace2e8d3a12335a4d01139436c4e2dd87,14.7
WX-SELECT-01,微信,消息多选工具栏,apps/wechat/raw/WX-SELECT-01__WECHAT_8.0.75_08_multi_select_toolbar.webp,微信 8.0.75,2026近期实测公开截图,https://q6.itc.cn/q_70/images03/20260615/ba9a64de6286472aabfc0d378560c901.jpeg,中,direct_real,多选勾选、转发/收藏/删除工具栏,,2026-07-16,650x334,82098cb868af88fd85bc68b95683d76dafcbc20eda233de1691a45b7f990f295,8.0
XHS-DISCOVER-01,小红书,发现双列流,apps/xiaohongshu/raw/XHS-DISCOVER-01__XHS_2026_07_09_01_discover.png,小红书 9.38.1（版本已核验）,近期公开iPhone截图,来源页面未保留【未经验证】,中,direct_real,发现流双列卡片、顶部频道、底部导航,原始分辨率较低；只约束结构与密度,2026-07-16,166x296,18cc746de0653466bcbed95f6d05ae25d98ded4e7947252a88130beb04abc693,20.1
XHS-POST-01,小红书,笔记详情,apps/xiaohongshu/raw/XHS-POST-01__XHS_2026_07_09_02_post.png,小红书 9.38.1（版本已核验）,近期公开iPhone截图,来源页面未保留【未经验证】,中,direct_real,笔记图片、正文、作者、底部互动,原始分辨率较低,2026-07-16,166x296,71e198eab8778357d32bab9ca399071b8d0046980edcd28cacb8b54d78b4ae32,13.9
XHS-VIDEO-01,小红书,沉浸视频,apps/xiaohongshu/raw/XHS-VIDEO-01__XHS_2026_07_09_03_video.png,小红书 9.38.1（版本已核验）,近期公开iPhone截图,来源页面未保留【未经验证】,中,direct_real,沉浸视频、右侧互动列和底部导航,原始分辨率较低,2026-07-16,166x296,d5e637fb4815599b1b55614465aed9eaf27697918437f9ddd35ad3a20afa27a8,15.3
XHS-CHAT-01,小红书,私信页面,apps/xiaohongshu/raw/XHS-CHAT-01__XHS_2026_07_09_04_chat.png,小红书 9.38.1（版本已核验）,近期公开iPhone截图,来源页面未保留【未经验证】,中,direct_real,私信消息、头像、输入区,原始分辨率较低,2026-07-16,166x296,1c6fec3a87a2961faa29b1fd58ab6187a9617d090db6e737632bd9738413e3bd,10.9
XHS-PUBLISH-01,小红书,发布入口与媒体选择,apps/xiaohongshu/raw/XHS-PUBLISH-01__XHS_2025_02_posting_templates_album.png,公开操作截图；当前版本9.38.1,公开iPhone操作教程,https://storage.ghost.io/c/fb/a8/fba8736e-797b-43bb-bcba-040fb8dcfebb/content/images/2025/01/RedNote-Posting-Guide.png,中,direct_real,模板、相册、相机、直播入口和媒体选择,界面语言与当前简中可能不同,2026-07-16,2000x1333,4ea435dbfecdfd187a216885e530622a0afcae78d91040bb9918e84f12bafa8e,3872.4
XHS-PROFILE-01,小红书,个人主页、侧栏和设置入口,apps/xiaohongshu/raw/XHS-PROFILE-01__XHS_2025_03_profile_sidebar_settings.png,公开操作截图；当前版本9.38.1,公开iPhone操作教程,https://storage.ghost.io/c/fb/a8/fba8736e-797b-43bb-bcba-040fb8dcfebb/content/images/2025/01/RedNote-Settings-Access.png,中,direct_real,个人主页、侧边栏、草稿/历史/订单/设置入口,具体计数和文字由Content Bible替换,2026-07-16,2332x2316,af1624cad22a25aaca4a908f6f246850471d2d2aaccf9e25821f9b50b8fc0024,506.4
XHS-PUBLISH-02,小红书,发布笔记与高级选项,apps/xiaohongshu/raw/XHS-PUBLISH-02__XHS_2025Q4_01_publish_advanced_live.png,2025Q4公开截图；当前版本9.38.1,公开iPhone操作截图,https://www.xiao-ad.com/upfile/202511/2025111451452005.png,中,direct_real,发布字段、公开范围和高级选项,字段可能存在版本差异【未经验证】,2026-07-16,879x558,f9e2a734a60f31bca53fba2c8c1686ad633bdec47b0048db27b5c228e9bc35cf,164.9
XHS-PROFILE-02,小红书,创作者主页与直播报告,apps/xiaohongshu/raw/XHS-PROFILE-02__XHS_2025Q4_02_profile_live_report.png,2025Q4公开截图；当前版本9.38.1,公开iPhone操作截图,https://www.xiao-ad.com/upfile/202511/2025111453237341.png,中低,direct_real,主页信息层级、关注按钮和内容切换,含打码且属于创作者场景,2026-07-16,336x734,8d99e4f56f0164961d8f3a35c6669f1c349f967bf1fae8608acd344aebd9b59e,357.4
DY-FEED-01,抖音,体验页/视频流,apps/douyin/raw/DY-FEED-01__DOUYIN_39.6.0_02_experience_feed.png,抖音 39.6.0,近期公开iPhone宣传/实拍,https://img.ddooo.com/uppic/20250312/4e1f596a81eb9820f895a27430fc18a6.png,中,direct_real,全屏视频、顶部频道、右侧互动列、底部导航,,2026-07-16,480x853,e0eba50db9560896aa5aadbf2e24ab8fdce55ef4bd0194a2cc7b07d1c4f493c2,125.0
DY-VIDEO-01,抖音,推荐视频页,apps/douyin/raw/DY-VIDEO-01__DOUYIN_39.6.0_03_recommendation_video.png,抖音 39.6.0,近期公开iPhone宣传/实拍,https://img.ddooo.com/uppic/20250312/b509ac131c57e8a701fa7a0db38f75d4.png,中,direct_real,视频说明、作者、音乐、互动列,,2026-07-16,480x853,2f4b333ce44ceeff7b0cb30be6c6bedbdd2165cff07e80908abecfa24dab2932,190.0
DY-LIVE-01,抖音,直播页面,apps/douyin/raw/DY-LIVE-01__DOUYIN_39.6.0_04_live_page.png,抖音 39.6.0,近期公开iPhone宣传/实拍,https://img.ddooo.com/uppic/20250312/a566803bb6943e19fdc3ed4223f9a52b.png,中,direct_real,直播顶栏、互动、评论和礼物入口,,2026-07-16,480x853,cf61dc3b8563b953c66bf46521d00683dc99aaf2b995bc11539fc444d4a5d3ec,172.8
DY-CHALLENGE-01,抖音,挑战/活动入口,apps/douyin/raw/DY-CHALLENGE-01__DOUYIN_39.6.0_01_challenge.jpeg,抖音 39.6.0,近期公开截图,来源页面未保留【未经验证】,中低,direct_real,活动页的视觉密度和导航,,2026-07-16,480x800,db6a056382d857cd8385baa75a86e3c24491f6487ebf48133b580f08003be737,63.9
DY-SEARCH-01,抖音,搜索页面,apps/douyin/raw/DY-SEARCH-01__DOUYIN_39.6.0_03_search.jpeg,抖音 39.6.0,近期公开截图,来源页面未保留【未经验证】,中低,direct_real,搜索框、热榜/结果和底部栏,,2026-07-16,480x800,f6543563fca16ff0f0a9108b2e888fb83edb0698a94d1356a5f3224b20c418c2,51.7
ZH-HOME-01,知乎,首页/回答页,apps/zhihu/raw/ZH-HOME-01__ZHIHU_11.1.0_01_home_or_answer.jpg,知乎 11.1.0【未经验证：截图来源标注】,近期公开iPhone截图,https://img.ddooo.com/uppic/20260715/9252e4e9a255a0d7d0815dd6f84f4acc.jpg,中,direct_real,问题标题、回答正文、赞同/评论/收藏,,2026-07-16,480x1038,69ff17837be2087a36619d1398e5fb12ed21b3b872af0889c93c2755168f7abb,102.4
ZH-AI-01,知乎,AI对话,apps/zhihu/raw/ZH-AI-01__ZHIHU_11.1.0_02_ai_chat.jpg,知乎 11.1.0【未经验证：截图来源标注】,近期公开iPhone截图,https://img.ddooo.com/uppic/20260715/cabaa3276f692177d86ae6ddbf65598a.jpg,中,direct_real,AI入口、对话卡和底部输入,,2026-07-16,480x1038,1d0695bf33ccac4510370c16363b7f923b29468d8b8818a4e5be65a39e90e3ad,91.3
ZH-PROFILE-01,知乎,个人主页,apps/zhihu/raw/ZH-PROFILE-01__ZHIHU_11.1.0_03_profile.jpg,知乎 11.1.0【未经验证：截图来源标注】,近期公开iPhone截图,https://img.ddooo.com/uppic/20260715/3ed15d0c251bb6ac0060fbf1ae26c5af.jpg,中,direct_real,头像、昵称、关注、内容标签与底部栏,,2026-07-16,480x1038,ba06383463aed709947f344778d0f12f00581d0b036c99bb36501866b3b7bae1,121.9
ZH-KANSHAN-01,知乎,AI看山模块,apps/zhihu/raw/ZH-KANSHAN-01__ZHIHU_11.1.0_01_kanshan.png,知乎 11.1.0【未经验证】,近期公开截图,来源页面未保留【未经验证】,中低,direct_real,AI模块、卡片和导航,,2026-07-16,1080x1920,5bb365c6f9f050fb853ed67aac4911a505b69f79f185fc9dd18e7bf2c9db5a9a,91.2
ZH-IDEAS-01,知乎,想法流,apps/zhihu/raw/ZH-IDEAS-01__ZHIHU_11.1.0_02_ideas.png,知乎 11.1.0【未经验证】,近期公开截图,来源页面未保留【未经验证】,中低,direct_real,信息流卡片与互动行,,2026-07-16,1080x1920,9ff72b943e706512cb4db5d9a64dae535c8866ce1cf686c4fd998e116747cf8a,73.9
TB-FEED-01,百度贴吧,推荐信息流,apps/tieba/raw/TB-FEED-01__TIEBA_22.7.3_05_feed.jpg,百度贴吧 22.7.3/22.8.1参考混合【未经验证】,近期公开iPhone截图,https://img.ddooo.com/uppic/20260616/da20cde078a2e3b82acd70bc48f932c4.jpg,中,direct_real,吧/帖子流、头像、热度、底部导航,,2026-07-16,480x853,c4cc7dacf03751933e435d0b799766070db2500af60ea841bbb489a72e28922b,124.0
TB-POST-01,百度贴吧,帖子或个人页,apps/tieba/raw/TB-POST-01__TIEBA_22.7.3_02_post_or_profile.jpg,百度贴吧 22.7.3/22.8.1参考混合【未经验证】,近期公开iPhone截图,https://img.ddooo.com/uppic/20260616/8d1f64e231b5a176719fcd6156c19315.jpg,中,direct_real,楼层、用户信息、回复与底部输入,,2026-07-16,480x853,7dc276b56ccaa7c8b4050205539d4eac411b55c4e47af6446e5b608cbd259a61,120.5
TB-INTERACT-01,百度贴吧,帖子互动页,apps/tieba/raw/TB-INTERACT-01__TIEBA_22.8.1_02_post_interaction.png,百度贴吧 22.8.1【未经验证】,近期公开截图,来源页面未保留【未经验证】,中低,direct_real,回复、互动和帖子操作,,2026-07-16,1080x1920,33676dcb1eedd81353fa38240f4e48bf3dcaf2090af3977518449c46b864dbf1,166.6
TB-AI-01,百度贴吧,AI广场,apps/tieba/raw/TB-AI-01__TIEBA_22.8.1_03_ai_square.png,百度贴吧 22.8.1【未经验证】,近期公开截图,来源页面未保留【未经验证】,中低,direct_real,AI入口和内容卡片,,2026-07-16,1080x1920,024dd73e6f70a1e4c1c0e67afc0d052d43f3a81515412905cf955c05f819b940,206.9
TT-HOT-01,今日头条,热榜,apps/toutiao/raw/TT-HOT-01__TOUTIAO_17.6.0_01_hot_rank.png,今日头条 17.6.0【未经验证】,近期公开iPhone截图,来源页面未保留【未经验证】,中,direct_real,频道、热榜条目、搜索和底部栏,,2026-07-16,1080x1920,1a632047028d60840d1a11566b4ecff5ae9b6443217f934a38a123bb60a24a48,100.1
TT-FEED-01,今日头条,新闻信息流,apps/toutiao/raw/TT-FEED-01__TOUTIAO_17.6.0_02_feed.png,今日头条 17.6.0【未经验证】,近期公开iPhone截图,来源页面未保留【未经验证】,中,direct_real,标题、摘要、图片、来源和频道栏,,2026-07-16,1080x1920,9697ebcd0855b1570cffeb8e4f0120a050ca8d2487d49111812d9f6c19af4dab,150.3
TT-AI-01,今日头条,AI搜索,apps/toutiao/raw/TT-AI-01__TOUTIAO_17.6.0_03_ai_search.png,今日头条 17.6.0【未经验证】,近期公开iPhone截图,来源页面未保留【未经验证】,中,direct_real,AI搜索页、输入区和结果卡,,2026-07-16,1080x1920,d67cd0c71b531ae28af90caed75f823fb92562a5e25deccd8fb06cd1c79e015c,102.5
MAP-HOME-01,百度地图,地图首页,apps/baidu_map/raw/MAP-HOME-01__BAIDUMAP_2025_01_interface.jpg,百度地图近期版本【未经验证】,近期公开iPhone截图,来源页面未保留【未经验证】,中,direct_real,地图画布、搜索框、定位按钮、底部功能,,2026-07-16,292x632,db09d7650d6ca679cf418ddba5d7fe9486b0bc009d9ddf3a81b02c939e1fb809,56.6
MAP-SEARCH-01,百度地图,搜索结果,apps/baidu_map/raw/MAP-SEARCH-01__BAIDUMAP_2025_02_search.jpg,百度地图近期版本【未经验证】,近期公开iPhone截图,来源页面未保留【未经验证】,中,direct_real,搜索、地点列表和底部卡片,,2026-07-16,292x632,4af25c8a9e0f4f4f39fba5cf5f7b2e27428fb74514f51e53e20ae64392c544c5,61.6
MAP-FAV-01,百度地图,收藏地点,apps/baidu_map/raw/MAP-FAV-01__BAIDUMAP_2025_03_favorite.jpg,百度地图近期版本【未经验证】,近期公开iPhone截图,来源页面未保留【未经验证】,中,direct_real,收藏、家/公司、地点卡和列表,,2026-07-16,292x632,ff4748ce05a892c847115cf68f27229d7fcb94692e5d37ab36a93813ac8bf9c7,120.3
ALI-AI-01,支付宝,AI生活助手,apps/alipay/raw/ALI-AI-01__ALIPAY_12.12.6_01_ai_assistant.jpg,支付宝 12.12.6【截图来源标注】,近期公开iPhone截图,https://img.ddooo.com/uppic/20260630/7f26f8ddf8cfcea2f823f81d771803bb.jpg,中,direct_real,AI入口、服务卡和底部导航,,2026-07-16,480x853,4e3f7285ef2ba5fda825a26c92c66d615c8e6f9605cffad838dc0866fa7b0f24,76.7
ALI-PAY-01,支付宝,支付页面,apps/alipay/raw/ALI-PAY-01__ALIPAY_12.12.6_03_payment.jpg,支付宝 12.12.6【截图来源标注】,近期公开iPhone截图,https://img.ddooo.com/uppic/20260630/a388c13e2ab1309d8245f0f63debf0a5.jpg,中,direct_real,支付码/付款、功能入口和蓝色品牌层级,,2026-07-16,480x853,b22e4b40f54940eb99723a87aa1c9cb5251f4fdc5e7dd526ce5e4b34bbb4a4f7,74.0
ALI-ELDER-01,支付宝,长辈模式首页,apps/alipay/raw/ALI-ELDER-01__ALIPAY_12.12.6_04_elder_home.jpg,支付宝 12.12.6【截图来源标注】,近期公开iPhone截图,https://img.ddooo.com/uppic/20260630/0fdd7b0b290aae2c531cf3c3ccd1fda4.jpg,中,direct_real,大字号首页、服务入口和底部导航,,2026-07-16,480x853,8fdba5f4edb2d3a5278d3e38a11f12f5622167d687ce48f9e2741a35cfddd2f4,83.6
ALI-AGENT-01,支付宝,蚂蚁阿宝/智能体,apps/alipay/raw/ALI-AGENT-01__ALIPAY_2026_07_08_01_agent.png,支付宝 2026-07近期【未经验证】,近期公开截图,来源页面未保留【未经验证】,中低,direct_real,智能体卡片与服务入口,,2026-07-16,1080x1920,caf48869711fdbfc089ff6dc3154b617a053f303a3dbfca677fdf71844dc6f31,104.8
MT-HOME-01,美团,首页与频道,apps/meituan/raw/MT-HOME-01__MEITUAN_12.61.202_01_overview.jpg,美团 12.61.202【截图来源标注】,近期公开iPhone截图,https://img.ddooo.com/uppic/20260611/6754b534f36c151b220d2c2fa4589f6b.jpg,中,direct_real,黄色品牌、频道入口、卡片与底部栏,,2026-07-16,480x853,2e58ecc37f8f2087b4ed2c2f27fa0644515bc00bced2866df2efe8661c929cd6,177.1
MT-SEARCH-01,美团,团购搜索,apps/meituan/raw/MT-SEARCH-01__MEITUAN_12.61.202_03_groupbuy_search.jpg,美团 12.61.202【截图来源标注】,近期公开iPhone截图,https://img.ddooo.com/uppic/20260611/8c88d9a6133c42550ce01dbb3ad67507.jpg,中,direct_real,搜索框、筛选、商户卡和价格信息,,2026-07-16,480x853,312b25938ededa9182c7da744890ed6d0fa27f01e8f84a899d83da3ba09fcfd5,131.8
MT-DELIVERY-01,美团,外卖页面,apps/meituan/raw/MT-DELIVERY-01__MEITUAN_12.61.202_04_delivery.jpg,美团 12.61.202【截图来源标注】,近期公开iPhone截图,https://img.ddooo.com/uppic/20260611/234a40ee40c1ebdb63006e1411bf6382.jpg,中,direct_real,外卖频道、商户列表、配送和优惠信息,,2026-07-16,480x853,d632c836af9902f9ada8683260fd77d59fd809c659144434301287f66d9e76c9,134.9
TBao-HOME-01,淘宝,首页,apps/taobao/raw/TBao-HOME-01__TAOBAO_10.64.0_01_home.jpg,淘宝 10.64.0【截图来源标注】,近期公开iPhone截图,https://img.ddooo.com/uppic/20260707/828959d01c9b448cc7ebac87bb4cfa0d.jpg,中,direct_real,首页搜索、频道入口、商品流和底部栏,,2026-07-16,480x1040,1dffacf95d8ae3eb002bdec26da7a3ed166212df2eb400174c198fecfacd244c,188.0
TBao-SEARCH-01,淘宝,搜索结果,apps/taobao/raw/TBao-SEARCH-01__TAOBAO_10.64.0_02_search.jpg,淘宝 10.64.0【截图来源标注】,近期公开iPhone截图,https://img.ddooo.com/uppic/20260707/8cec11c84cf7bcacfa403c6b6c63350d.jpg,中,direct_real,搜索框、筛选、商品卡和价格,,2026-07-16,480x1040,1a6cb607510cde11619f374577df545ffc425ed20c8e51e30f3ddd9866bc49cb,172.1
TBao-FLASH-01,淘宝,闪购/即时零售,apps/taobao/raw/TBao-FLASH-01__TAOBAO_10.64.0_03_flash_delivery.jpg,淘宝 10.64.0【截图来源标注】,近期公开iPhone截图,https://img.ddooo.com/uppic/20260707/ba8c5544c81181d0930ea87252e607f4.jpg,中,direct_real,即时零售频道、分类和商品卡,,2026-07-16,480x1040,e057a82a4fd69045abd31b3e78efb4508cdd3c88bfb2f7ed1c86fc0317929d6f,158.5
NCM-HOME-01,网易云音乐,首页,apps/netease_music/raw/NCM-HOME-01__NETEASE_9.5.45_01_home.jpg,网易云音乐 9.5.45【截图来源标注】,近期公开iPhone截图,https://img.ddooo.com/uppic/20260611/d2df914e4b5e649c3a45936bc4420e4b.jpg,中,direct_real,首页、推荐卡、导航和播放条,,2026-07-16,480x800,b37e69a197bd1344fd214b67627a010d0ce65f452a26f90f4c3159aeb6af719c,83.7
NCM-PLAYER-01,网易云音乐,播放页,apps/netease_music/raw/NCM-PLAYER-01__NETEASE_9.5.45_03_player.jpg,网易云音乐 9.5.45【截图来源标注】,近期公开iPhone截图,https://img.ddooo.com/uppic/20260611/79ff59b04dc3dc5dc8749aa19c80cb98.jpg,中,direct_real,唱片/封面、进度、播放控制、歌词入口,,2026-07-16,480x800,99216579dd741fe2de94b7d95e200e4b9d8f2af2f4f6d7c0c5df41a5d50e8bee,75.1
CALC26-SCI-01,计算器,科学计算,apps/calculator/raw/CALC26-SCI-01__APPLE_CALCULATOR_01_scientific.png,iOS 26.5.2,Apple官方用户指南,https://support.apple.com/zh-cn/guide/iphone/iph6a38eb783/ios,高,direct_real,按键几何、结果排版、模式切换,,2026-07-16,489x1008,4297e42f8e562c327499d2721d6a6e216098da417b567293b908a807c4607176,102.4
CALC26-CONV-01,计算器,单位换算,apps/calculator/raw/CALC26-CONV-01__APPLE_CALCULATOR_02_conversion.png,iOS 26.5.2,Apple官方用户指南,https://support.apple.com/zh-cn/guide/iphone/iph6a38eb783/ios,高,direct_real,换算输入、单位选择、运算键,,2026-07-16,489x1008,9bab71fa004991ebaec9ee84310a1831acbe3e182d56352fd00ca7700f8b07e4,86.0
CAL26-DAY-01,日历,日视图与事件,apps/calendar/raw/CAL26-DAY-01__APPLE_CALENDAR_01_day.png,iOS 26.5.2,Apple官方用户指南,https://support.apple.com/zh-cn/guide/iphone/iphfed2c4091/ios,高,direct_real,日期顶栏、全天事件、时间网格、底部导航,,2026-07-16,769x1008,87c636a986216d1c44042c32423afecf3145e38f8e4912a11a7ac30a737dda5e,105.2
CAM26-CONTROL-01,相机,相机控制,apps/camera/raw/CAM26-CONTROL-01__APPLE_CAMERA_01_controls.png,iOS 26.5.2,Apple官方用户指南,https://support.apple.com/zh-cn/guide/iphone/welcome/ios,高,direct_real,取景器、变焦、模式、快门与控制层,,2026-07-16,489x1016,c00a960515c733aea603e510bcaa3ca409fbb38fdc7352c20f01732e62c24728,465.0
COMP26-MAIN-01,指南针,指南针主界面,apps/compass/raw/COMP26-MAIN-01__APPLE_COMPASS_01_main.png,iOS 26.5.2,Apple官方用户指南,https://support.apple.com/zh-cn/guide/iphone/iph1ac0b663/ios,高,direct_real,方向盘、方位角、地点与经纬度,,2026-07-16,489x1005,4d948f9c16bc250ce542dc3052c70e5739d3a9c24065b2b9b32ec0249c18c947,62.8
HEALTH26-SUM-01,健康,摘要,apps/health/raw/HEALTH26-SUM-01__APPLE_HEALTH_01_summary.png,iOS 26.5.2,Apple官方用户指南,https://support.apple.com/zh-cn/guide/iphone/iphcae7451f3/ios,高,direct_real,摘要卡、趋势、底部导航,,2026-07-16,489x1008,a9c9099f089920cd6682a2bfbe8b904d85084b261e3316738966aa029ae995c5,219.9
HEALTH26-DETAIL-01,健康,健康详情,apps/health/raw/HEALTH26-DETAIL-01__APPLE_HEALTH_02_details.png,iOS 26.5.2,Apple官方用户指南,https://support.apple.com/zh-cn/guide/iphone/iphcae7451f3/ios,高,direct_real,健康指标详情、趋势与信息层级,,2026-07-16,489x1005,237d29712d6351e38f3871cae64ddcc3ab2c1480088674d61b8708fa8c4378c4,174.5
HEALTH26-MED-01,健康,用药页面,apps/health/raw/HEALTH26-MED-01__APPLE_HEALTH_03_medications.png,iOS 26.5.2,Apple官方用户指南,https://support.apple.com/zh-cn/guide/iphone/iphcae7451f3/ios,高,direct_real,日期、用药列表、记录按钮,,2026-07-16,489x1008,a054ed5cc869ccd8a5f16aa06f2406539291402f3b99ef3ad107f28e08aeb505,151.8
PHONE26-TRANSLATE-01,电话,通话中—实时翻译,apps/phone/raw/PHONE26-TRANSLATE-01__APPLE_PHONE_01_live_translate.png,iOS 26.5.2,Apple官方用户指南,https://support.apple.com/zh-cn/guide/iphone/iph6e5e72b79/ios,高,direct_real,通话中按钮、字幕卡、挂断和控制区,,2026-07-16,489x1016,37dc470b9fb4414d46fb5e7be67a8287d1ad9bd64bc7f64a4bfa2deecb8d7599,226.1
PHONE26-HOLD-01,电话,通话中—等候助理,apps/phone/raw/PHONE26-HOLD-01__APPLE_PHONE_02_hold_assistant.png,iOS 26.5.2,Apple官方用户指南,https://support.apple.com/zh-cn/guide/iphone/iph6e5e72b79/ios,高,direct_real,通话控制区、状态文字和系统按钮,,2026-07-16,489x1016,7de82fbfc04b8f784b21d0363aa4bd4900f029a8d2d82b99ea2c43332af572ad,176.9
SET26-NOTIFY-01,设置,通知设置,apps/settings/raw/SET26-NOTIFY-01__APPLE_SETTINGS_01_notifications.png,iOS 26.5.2,Apple官方用户指南,https://support.apple.com/zh-cn/guide/iphone/welcome/ios,高,direct_real,设置列表、App图标、开关与分组,,2026-07-16,652x1008,661839e4c751d6c54d9cf524291dc91db3f001a2d2c7644c0456afb31ad8503e,133.0
SET26-ALERT-01,设置,紧急警报设置,apps/settings/raw/SET26-ALERT-01__APPLE_SETTINGS_02_emergency_alerts.png,iOS 26.5.2,Apple官方用户指南,https://support.apple.com/zh-cn/guide/iphone/welcome/ios,高,direct_real,设置分组、说明文字与开关,,2026-07-16,489x1008,5705e5fdc5a9ade42730354b07546f143ed3eb620a8e6d3f2e62f3688db2f527,61.9
VM26-REC-01,语音备忘录,录制中,apps/voice_memos/raw/VM26-REC-01__APPLE_VOICEMEMOS_01_recording.png,iOS 26.5.2,Apple官方用户指南,https://support.apple.com/zh-cn/guide/iphone/iph4d2a39a3b/ios,高,direct_real,波形、计时、录制/暂停和底部工具,,2026-07-16,673x1069,1d896eb03e198386e890cde440a35995d6b50958fba7ca2d2cc7e97cd6d7c349,60.4
WEATHER26-WIND-01,天气,风场地图,apps/weather/raw/WEATHER26-WIND-01__APPLE_WEATHER_01_wind_map.png,iOS 26.5.2,Apple官方用户指南,https://support.apple.com/zh-cn/guide/iphone/welcome/ios,高,direct_real,天气地图、图层、地点卡与底部栏,,2026-07-16,489x1008,5543557bba97e3b0e4945abe6762a02841b8b19504ea35c0221f269a761afc24,536.9
WEATHER26-MAIN-01,天气,主天气页,apps/weather/raw/WEATHER26-MAIN-01__APPLE_WEATHER_02_main.png,iOS 26.5.2,Apple官方用户指南,https://support.apple.com/zh-cn/guide/iphone/welcome/ios,高,direct_real,当前天气、小时/十日预报、卡片密度,,2026-07-16,758x1008,d3bc4d3224845e9e65bacf08f709fa59913da790dc6d415cb82836c14e953a0a,337.7
QQMAIL717-CLOUD-01,QQ邮箱,文件云盘,apps/qqmail/raw/QQMAIL717-CLOUD-01__QQMAIL_7.1.6_01_file_cloud.jpg,QQ邮箱 7.1.7（页面素材7.1.6；修复型点版本同布局继承）,App Store公开宣传截图,https://apps.apple.com/cn/app/qq%E9%82%AE%E7%AE%B1/id473225145,中高,direct_real,文件云盘入口、文件列表和容量状态,,2026-07-16,480x1038,82ac7081fe1db66b0d4e04cb3e2d0d215b54e67330e996bf2a7506c67a3957e1,84.0
QQMAIL717-COMPOSE-01,QQ邮箱,写邮件与附件,apps/qqmail/raw/QQMAIL717-COMPOSE-01__QQMAIL_7.1.6_02_compose.jpg,QQ邮箱 7.1.7（页面素材7.1.6）,App Store公开宣传截图,https://apps.apple.com/cn/app/qq%E9%82%AE%E7%AE%B1/id473225145,中高,direct_real,收件人、主题、正文、附件和发送按钮,,2026-07-16,480x1038,5a3000fbf141e71a54511aa46ab56b4ee402ea04a6107949b51263f78e2b2243,84.4
QQMAIL717-CALENDAR-01,QQ邮箱,邮箱日历,apps/qqmail/raw/QQMAIL717-CALENDAR-01__QQMAIL_7.1.6_03_calendar.jpg,QQ邮箱 7.1.7（页面素材7.1.6）,App Store公开宣传截图,https://apps.apple.com/cn/app/qq%E9%82%AE%E7%AE%B1/id473225145,中高,direct_real,日历网格、日程列表和底部栏,,2026-07-16,480x1038,68bc0b31fe5fb9e6696c0742fafce84bcd0f868162fbf648cfa5d83f035a5216,65.7
QQMAIL717-BOX-01,QQ邮箱,多邮箱列表,apps/qqmail/raw/QQMAIL717-BOX-01__QQMAIL_7.1.6_04_mailboxes.jpg,QQ邮箱 7.1.7（页面素材7.1.6）,App Store公开宣传截图,https://apps.apple.com/cn/app/qq%E9%82%AE%E7%AE%B1/id473225145,中高,direct_real,邮箱账号、文件夹、未读计数和侧栏,,2026-07-16,480x1038,f46437ee000f643385c2cf70fe6b8da572fc782821068ece30c96c6e9736b494,73.5
QQMAIL717-MULTI-01,QQ邮箱,多窗口/邮件预览,apps/qqmail/raw/QQMAIL717-MULTI-01__QQMAIL_7.1.6_05_multiwindow.jpg,QQ邮箱 7.1.7（页面素材7.1.6）,App Store公开宣传截图,https://apps.apple.com/cn/app/qq%E9%82%AE%E7%AE%B1/id473225145,中高,direct_real,邮件列表、正文预览与多窗口层级,,2026-07-16,480x1038,8126daf22fc4e100dbd9d82509cf12025407524dc810f604ec15613e7cb6dec1,94.8
NETDISK1329-HOME-01,百度网盘,首页,apps/baidunetdisk/raw/NETDISK1329-HOME-01__BAIDUNETDISK_13.29.0_01_home.jpg,百度网盘 13.29.0（公开素材标注）,App Store公开宣传截图,https://apps.apple.com/cn/app/%E7%99%BE%E5%BA%A6%E7%BD%91%E7%9B%98/id547166701,中高,direct_real,首页导航、最近文件、服务卡与底部栏,,2026-07-16,480x1038,b67bf6315cd48f88b077f951b5dd4a7cf6b93be9b7dfe2833365334180a46768,133.6
NETDISK1329-SEARCH-01,百度网盘,AI全能搜索,apps/baidunetdisk/raw/NETDISK1329-SEARCH-01__BAIDUNETDISK_13.29.0_02_ai_search.jpg,百度网盘 13.29.0（公开素材标注）,App Store公开宣传截图,https://apps.apple.com/cn/app/%E7%99%BE%E5%BA%A6%E7%BD%91%E7%9B%98/id547166701,中高,direct_real,搜索框、结果卡、类型筛选与输入,,2026-07-16,480x1038,c920cb86602db3efc524c7ba6ba71e68045e94d594cc9fff839e377edf41775b,119.2
NETDISK1329-NOTES-01,百度网盘,AI学习笔记,apps/baidunetdisk/raw/NETDISK1329-NOTES-01__BAIDUNETDISK_13.29.0_03_ai_notes.jpg,百度网盘 13.29.0（公开素材标注）,App Store公开宣传截图,https://apps.apple.com/cn/app/%E7%99%BE%E5%BA%A6%E7%BD%91%E7%9B%98/id547166701,中高,direct_real,视频/文档摘要、时间轴与笔记卡,,2026-07-16,480x1038,e8584c95096592b8f09ce71ce488de86d0a56122a91985669a498abbe9f0253b,143.0
NETDISK1329-SCAN-01,百度网盘,AI扫描,apps/baidunetdisk/raw/NETDISK1329-SCAN-01__BAIDUNETDISK_13.29.0_04_scan.jpg,百度网盘 13.29.0（公开素材标注）,App Store公开宣传截图,https://apps.apple.com/cn/app/%E7%99%BE%E5%BA%A6%E7%BD%91%E7%9B%98/id547166701,中高,direct_real,扫描入口、分类、拍摄区与处理状态,,2026-07-16,480x1038,1237c0b3cfbd8b43f07eeb790a2be4fc071a11476cffdbcdfcaae59fbe1c705a,116.3
NETDISK1329-TRANS-01,百度网盘,AI转写,apps/baidunetdisk/raw/NETDISK1329-TRANS-01__BAIDUNETDISK_13.29.0_05_transcription.jpg,百度网盘 13.29.0（公开素材标注）,App Store公开宣传截图,https://apps.apple.com/cn/app/%E7%99%BE%E5%BA%A6%E7%BD%91%E7%9B%98/id547166701,中高,direct_real,音视频转写、说话人、时间轴与操作区,,2026-07-16,480x1038,ba1beb58645f0e742eb26c566017187fa96ba32596cdfb5eb1af90079f0ea208,122.1
WEREAD102-BOOK-01,微信读书,书架,apps/wechat_reading/raw/WEREAD102-BOOK-01__WEREAD_10.2.0_01_bookshelf.jpg,微信读书 10.2.0,App Store公开宣传截图,https://apps.apple.com/cn/app/%E5%BE%AE%E4%BF%A1%E8%AF%BB%E4%B9%A6/id952059546,中高,direct_real,书架、搜索、最近阅读与底部栏,,2026-07-16,480x853,ffbe21908fc977e44ddd4d67d41fb1f03b14b5e7b65d1a5d63df67cfc5f08ad8,74.6
WEREAD102-DISC-01,微信读书,发现,apps/wechat_reading/raw/WEREAD102-DISC-01__WEREAD_10.2.0_02_discover.jpg,微信读书 10.2.0,App Store公开宣传截图,https://apps.apple.com/cn/app/%E5%BE%AE%E4%BF%A1%E8%AF%BB%E4%B9%A6/id952059546,中高,direct_real,书单、分类、推荐卡和导航,,2026-07-16,480x853,772f962a29410a42e67e7966aac993400bf24163526192ef78a89f24facd066b,70.6
WEREAD102-READ-01,微信读书,阅读器,apps/wechat_reading/raw/WEREAD102-READ-01__WEREAD_10.2.0_03_reader.jpg,微信读书 10.2.0,App Store公开宣传截图,https://apps.apple.com/cn/app/%E5%BE%AE%E4%BF%A1%E8%AF%BB%E4%B9%A6/id952059546,中高,direct_real,正文排版、页眉、进度和底部工具,,2026-07-16,480x853,dbb9e93c11735e6542ac9e604b2634ecc996917881e5d97c09221e8fc2eaad00,84.4
WEREAD102-HL-01,微信读书,划线与批注,apps/wechat_reading/raw/WEREAD102-HL-01__WEREAD_10.2.0_04_highlight.jpg,微信读书 10.2.0,App Store公开宣传截图,https://apps.apple.com/cn/app/%E5%BE%AE%E4%BF%A1%E8%AF%BB%E4%B9%A6/id952059546,中高,direct_real,选中文本、划线、批注和分享工具,,2026-07-16,480x853,32c0161379f869a9b1d4e881d47bcfa7df1860d58584d9b2fc261b432f82a74f,53.9
WEREAD102-PROFILE-01,微信读书,个人主页,apps/wechat_reading/raw/WEREAD102-PROFILE-01__WEREAD_10.2.0_05_profile.jpg,微信读书 10.2.0,App Store公开宣传截图,https://apps.apple.com/cn/app/%E5%BE%AE%E4%BF%A1%E8%AF%BB%E4%B9%A6/id952059546,中高,direct_real,阅读时长、书架、笔记和个人导航,,2026-07-16,480x853,53175353738ae25238acb018e1a1290bd74b7aee0e3124339c299a3001cf8715,102.6
DIDI80-HOME-01,滴滴出行,首页,apps/didi/raw/DIDI80-HOME-01__DIDI_8.0.4_01_home.png,滴滴 8.0.4/8.0 UI代,近期公开iPhone真机截图,https://img1.mydrivers.com/img/20250930/S9ad74e00-6459-407d-a7d0-96daedf2090e.png,中高,direct_real,地图首页、服务入口、搜索与底部导航,,2026-07-16,600x1125,a33932deb0e11919b403e3a72fb2af38e4b360f7d09579c9936940ab7fbb64bd,457.2
DIDI80-VEH-01,滴滴出行,车型选择,apps/didi/raw/DIDI80-VEH-01__DIDI_8.0.4_02_vehicle_selection.jpg,滴滴 8.0.4/8.0 UI代,近期公开iPhone真机截图,https://img1.mydrivers.com/img/20250930/S37414638-58a8-4901-b61a-31bfd6960c27.jpg,中高,direct_real,车型、价格、优惠和确认区,,2026-07-16,600x1174,0022fa9643428cdc8a6fade820f65d81d0a3282c2c3ca9551223e35561819f41,211.0
DIDI80-TRIP-01,滴滴出行,进行中行程,apps/didi/raw/DIDI80-TRIP-01__DIDI_8.0.4_03_active_trip.png,滴滴 8.0.4/8.0 UI代,近期公开iPhone真机截图,https://img1.mydrivers.com/img/20250930/S1ad07990-2561-4e3a-9cd6-cc2847be2caf.png,中高,direct_real,路线、司机卡、状态、联系和安全入口,,2026-07-16,600x1300,000d68e9b441a700f38c0ea580e54ae71c7e3e63c6d93c6eeb5b56f57a0352c6,531.2
DIDI80-HISTORY-01,滴滴出行,订单历史,apps/didi/raw/DIDI80-HISTORY-01__DIDI_8.0.4_04_order_history.png,滴滴 8.0.4/8.0 UI代,近期公开iPhone真机截图,https://img1.mydrivers.com/img/20250930/1e0bcfd2-c418-4db5-92f3-3fbba8f8f78a.png,中高,direct_real,订单列表、日期、起终点和金额,,2026-07-16,467x804,ec02b9845535f1b637e089454ae84d3922f6bd9d28259e52ac6c344083412de9,178.5
DIDI80-ROUTE-01,滴滴出行,路线推荐,apps/didi/raw/DIDI80-ROUTE-01__DIDI_8.0.4_05_route_recommendation.png,滴滴 8.0.4/8.0 UI代,近期公开iPhone真机截图,https://img1.mydrivers.com/img/20250930/S669736dc-148b-47db-878e-6d17243c2f9c.png,中高,direct_real,多方案路线、时间、换乘与详情,,2026-07-16,600x904,9323bc34d1cd7b195ae7fdb0176c7e153a8a479e74513c4856eb6c4e70e1894d,258.9
RAIL596-HOME-01,铁路12306,首页结构,apps/railway12306/raw/RAIL596-HOME-01__RAIL12306_5.9.6_01_home_structure.jpg,铁路12306 5.9.6,App Store公开宣传截图,https://apps.apple.com/cn/app/%E9%93%81%E8%B7%AF12306/id564818797,中高,direct_real,首页查询、日期、车站输入和服务入口,,2026-07-16,480x853,a4eb245c97e8e1145fcf995b0040f8e0e014464de6d91b93b34e54f5fc1d4818,61.9
RAIL596-A11Y-01,铁路12306,爱心版/无障碍,apps/railway12306/raw/RAIL596-A11Y-01__RAIL12306_5.9.6_02_accessibility.jpg,铁路12306 5.9.6,App Store公开宣传截图,https://apps.apple.com/cn/app/%E9%93%81%E8%B7%AF12306/id564818797,中高,direct_real,大字号、服务入口和高对比度,,2026-07-16,480x853,808fa1e3ed60b93e7639dbe0aeb07ef9c7a5d9c069a2f1822e6b44bacad4f3e4,56.7
RAIL596-TRIP-01,铁路12306,出行服务/行程详情,apps/railway12306/raw/RAIL596-TRIP-01__RAIL12306_5.9.6_03_trip_detail.jpg,铁路12306 5.9.6,App Store公开宣传截图,https://apps.apple.com/cn/app/%E9%93%81%E8%B7%AF12306/id564818797,中高,direct_real,车次、站点、时间和出行服务,,2026-07-16,480x853,da05cc885c031885a353513d4f5064bde76360c8567c51cb569043c2b6b6999b,65.4
RAIL596-BOARD-01,铁路12306,车站大屏,apps/railway12306/raw/RAIL596-BOARD-01__RAIL12306_5.9.6_04_station_board.jpg,铁路12306 5.9.6,App Store公开宣传截图,https://apps.apple.com/cn/app/%E9%93%81%E8%B7%AF12306/id564818797,中高,direct_real,车站、车次、检票口、状态和刷新,,2026-07-16,480x853,565b490d9139b0b999b07a49c6ae3f0de0408593194221f7761cc95328f181b4,59.1
RAIL596-HOME-02,铁路12306,首页实拍,apps/railway12306/raw/RAIL596-HOME-02__RAIL12306_5.9.6_05_home_real.jpg,铁路12306 5.9.6,近期公开iPhone真机截图,https://apps.apple.com/cn/app/%E9%93%81%E8%B7%AF12306/id564818797,中高,direct_real,真实首页密度、底部导航和功能网格,,2026-07-16,480x1022,09c41adb0f2898761b1700397215eb6c941f914b6860276cb3441bc0c5d8bde1,78.7
RAIL596-ORDER-01,铁路12306,订单列表,apps/railway12306/raw/RAIL596-ORDER-01__RAIL12306_5.9.6_06_orders.jpg,铁路12306 5.9.6,近期公开iPhone真机截图,https://apps.apple.com/cn/app/%E9%93%81%E8%B7%AF12306/id564818797,中高,direct_real,订单分类、待支付/已完成和卡片,,2026-07-16,480x1022,8263c0bf938195f2797c75de4fc182e04001d0d7aea0fb8fdbc7b76ab18778dc,65.3
RAIL596-HISTORY-01,铁路12306,历史订单,apps/railway12306/raw/RAIL596-HISTORY-01__RAIL12306_5.9.6_07_history.jpg,铁路12306 5.9.6,近期公开iPhone真机截图,https://apps.apple.com/cn/app/%E9%93%81%E8%B7%AF12306/id564818797,中高,direct_real,历史订单空/列表状态与筛选,,2026-07-16,480x1022,6524d9cd613260c08b6cfa6c48418176f446f18a25250669d6aeb19c299e6445,25.4
